Train_No,Distance_km,Num_Stops,Actual_Min,Predicted_Min,Error_Min,Actual_Hrs,Predicted_Hrs
15532,1615,28,605.0,980.52,375.52,10.08,16.34
31425,40,15,65.0,159.4,94.4,1.08,2.66
15967,604,31,925.0,519.46,-405.54,15.42,8.66
97363,33,17,56.0,167.73,111.73,0.93,2.8
95704,53,9,62.0,130.64,68.64,1.03,2.18
11466,1575,50,465.0,1089.6,624.6,7.75,18.16
41593,14,3,45.0,77.27,32.27,0.75,1.29
6044,852,19,965.0,567.01,-397.99,16.08,9.45
40648,59,2,95.0,92.75,-2.25,1.58,1.55
66602,159,22,235.0,256.46,21.46,3.92,4.27
15054,536,13,860.0,382.53,-477.47,14.33,6.38
74911,42,7,80.0,113.8,33.8,1.33,1.9
16535,966,32,1240.0,696.61,-543.39,20.67,11.61
36031,40,14,59.0,153.58,94.58,0.98,2.56
17301,493,18,570.0,391.27,-178.73,9.5,6.52
99219,20,2,32.0,74.29,42.29,0.53,1.24
12782,2602,32,1385.0,1470.95,85.95,23.08,24.52
43414,73,27,120.0,244.85,124.85,2.0,4.08
74988,122,19,200.0,221.49,21.49,3.33,3.69
3102,522,9,700.0,352.62,-347.38,11.67,5.88
33829,79,24,113.0,230.23,117.23,1.88,3.84
79414,51,13,90.0,152.97,62.97,1.5,2.55
71089,105,13,185.0,178.53,-6.47,3.08,2.98
98009,49,2,77.0,88.01,11.01,1.28,1.47
99421,18,2,28.0,73.34,45.34,0.47,1.22
16522,70,8,95.0,132.87,37.87,1.58,2.21
98005,49,2,77.0,88.01,11.01,1.28,1.47
40322,29,2,55.0,78.55,23.55,0.92,1.31
12561,1223,22,1350.0,760.06,-589.94,22.5,12.67
33312,52,19,82.0,188.36,106.36,1.37,3.14
59512,64,8,100.0,130.03,30.03,1.67,2.17
12285,1651,6,1285.0,869.54,-415.46,21.42,14.49
34548,45,17,74.0,173.41,99.41,1.23,2.89
58426,214,22,305.0,282.49,-22.51,5.08,4.71
12532,278,12,300.0,254.59,-45.41,5.0,4.24
12662,665,18,700.0,472.68,-227.32,11.67,7.88
11091,981,24,1185.0,657.16,-527.84,19.75,10.95
97204,48,22,81.0,203.92,122.92,1.35,3.4
56319,531,39,820.0,531.46,-288.54,13.67,8.86
22912,1745,34,470.0,1076.96,606.96,7.83,17.95
98544,28,2,48.0,78.07,30.07,0.8,1.3
42852,97,19,190.0,209.66,19.66,3.17,3.49
74020,89,14,155.0,176.78,21.78,2.58,2.95
40015,29,18,55.0,171.65,116.65,0.92,2.86
64491,53,11,95.0,142.28,47.28,1.58,2.37
40027,29,18,55.0,171.65,116.65,0.92,2.86
95130,46,7,50.0,115.69,65.69,0.83,1.93
34612,24,11,42.0,128.55,86.55,0.7,2.14
59812,691,71,1255.0,793.4,-461.6,20.92,13.22
55528,266,37,620.0,394.39,-225.61,10.33,6.57
12679,491,12,465.0,355.41,-109.59,7.75,5.92
55340,105,7,145.0,143.62,-1.38,2.42,2.39
55733,108,15,170.0,191.59,21.59,2.83,3.19
91394,10,2,20.0,69.56,49.56,0.33,1.16
40762,108,4,178.0,127.58,-50.42,2.97,2.13
43703,48,20,85.0,192.28,107.28,1.42,3.2
97431,33,17,55.0,167.73,112.73,0.92,2.8
47171,37,22,77.0,198.72,121.72,1.28,3.31
68731,97,15,135.0,186.38,51.38,2.25,3.11
19064,1595,18,405.0,912.86,507.86,6.75,15.21
22809,552,17,560.0,413.38,-146.62,9.33,6.89
12354,1300,18,1415.0,773.23,-641.77,23.58,12.89
95204,14,3,18.0,77.27,59.27,0.3,1.29
96111,46,9,61.0,127.33,66.33,1.02,2.12
97358,33,17,58.0,167.73,109.73,0.97,2.8
33719,32,8,41.0,114.88,73.88,0.68,1.91
22188,330,10,365.0,267.57,-97.43,6.08,4.46
98375,38,2,65.0,82.81,17.81,1.08,1.38
11310,267,14,330.0,261.03,-68.97,5.5,4.35
55735,107,19,175.0,214.39,39.39,2.92,3.57
53451,41,6,80.0,107.5,27.5,1.33,1.79
56605,131,20,245.0,231.57,-13.43,4.08,3.86
98847,10,2,20.0,69.56,49.56,0.33,1.16
98737,10,2,20.0,69.56,49.56,0.33,1.16
97323,33,17,58.0,167.73,109.73,0.97,2.8
17640,513,21,645.0,418.19,-226.81,10.75,6.97
13507,641,15,815.0,443.86,-371.14,13.58,7.4
77651,108,8,225.0,150.85,-74.15,3.75,2.51
14372,201,10,290.0,206.51,-83.49,4.83,3.44
38826,128,36,212.0,323.25,111.25,3.53,5.39
12949,2664,37,1435.0,1529.39,94.39,23.92,25.49
11076,651,13,935.0,436.96,-498.04,15.58,7.28
18236,721,67,1300.0,784.32,-515.68,21.67,13.07
47115,25,13,45.0,140.66,95.66,0.75,2.34
77605,27,21,70.0,188.16,118.16,1.17,3.14
56840,180,23,365.0,272.22,-92.78,6.08,4.54
33382,35,10,48.0,127.94,79.94,0.8,2.13
12986,302,6,270.0,231.04,-38.96,4.5,3.85
12206,304,7,345.0,237.8,-107.2,5.75,3.96
55119,227,34,500.0,358.47,-141.53,8.33,5.97
33323,52,19,79.0,188.36,109.36,1.32,3.14
99410,18,2,28.0,73.34,45.34,0.47,1.22
34555,45,15,75.0,161.77,86.77,1.25,2.7
57277,292,45,405.0,453.25,48.25,6.75,7.55
97644,15,10,30.0,118.47,88.47,0.5,1.97
56517,93,13,150.0,172.85,22.85,2.5,2.88
55120,227,34,600.0,358.47,-241.53,10.0,5.97
57605,72,11,130.0,151.27,21.27,2.17,2.52
11801,215,6,305.0,189.86,-115.14,5.08,3.16
6053,626,14,635.0,430.94,-204.06,10.58,7.18
54284,139,18,230.0,223.72,-6.28,3.83,3.73
47134,23,13,45.0,139.72,94.72,0.75,2.33
34151,30,11,55.0,131.39,76.39,0.92,2.19
12054,406,11,440.0,309.36,-130.64,7.33,5.16
34898,39,16,65.0,164.75,99.75,1.08,2.75
40340,29,2,55.0,78.55,23.55,0.92,1.31
13308,1600,71,630.0,1223.64,593.64,10.5,20.39
37614,60,20,98.0,197.96,99.96,1.63,3.3
64958,137,19,170.0,228.59,58.59,2.83,3.81
55726,168,23,305.0,266.54,-38.46,5.08,4.44
51763,77,10,125.0,147.82,22.82,2.08,2.46
18111,2434,42,1410.0,1449.63,39.63,23.5,24.16
56002,68,5,95.0,114.46,19.46,1.58,1.91
12976,2483,43,1210.0,1478.64,268.64,20.17,24.64
51756,86,11,195.0,157.9,-37.1,3.25,2.63
75733,33,8,90.0,115.36,25.36,1.5,1.92
16176,360,16,490.0,316.68,-173.32,8.17,5.28
51419,278,35,450.0,388.43,-61.57,7.5,6.47
74909,152,19,285.0,235.69,-49.31,4.75,3.93
98838,10,2,21.0,69.56,48.56,0.35,1.16
22458,1852,26,480.0,1081.05,601.05,8.0,18.02
12441,1487,10,1255.0,815.19,-439.81,20.92,13.59
97617,15,10,29.0,118.47,89.47,0.48,1.97
75747,40,11,90.0,136.13,46.13,1.5,2.27
95334,6,2,14.0,67.66,53.66,0.23,1.13
57594,243,36,435.0,377.69,-57.31,7.25,6.29
37844,106,22,143.0,231.37,88.37,2.38,3.86
37222,39,17,65.0,170.57,105.57,1.08,2.84
95602,10,2,15.0,69.56,54.56,0.25,1.16
34732,61,23,100.0,215.89,115.89,1.67,3.6
59236,152,22,215.0,253.15,38.15,3.58,4.22
58136,48,9,90.0,128.27,38.27,1.5,2.14
22953,490,27,535.0,442.22,-92.78,8.92,7.37
97601,15,10,28.0,118.47,90.47,0.47,1.97
18007,260,13,320.0,251.89,-68.11,5.33,4.2
17487,735,36,900.0,610.55,-289.45,15.0,10.18
43797,46,13,120.0,150.6,30.6,2.0,2.51
98842,10,2,21.0,69.56,48.56,0.35,1.16
12977,778,17,943.0,520.35,-422.65,15.72,8.67
58717,22,4,75.0,86.87,11.87,1.25,1.45
59727,213,25,355.0,299.48,-55.52,5.92,4.99
74910,152,19,245.0,235.69,-9.31,4.08,3.93
17413,302,11,405.0,260.13,-144.87,6.75,4.34
22429,553,15,605.0,402.21,-202.79,10.08,6.7
51673,434,40,520.0,491.36,-28.64,8.67,8.19
96335,6,4,13.0,79.3,66.3,0.22,1.32
54239,38,5,60.0,100.27,40.27,1.0,1.67
96113,46,9,52.0,127.33,75.33,0.87,2.12
56860,133,11,185.0,180.14,-4.86,3.08,3.0
58204,209,29,335.0,320.86,-14.14,5.58,5.35
17481,1402,65,375.0,1095.01,720.01,6.25,18.25
38730,115,27,165.0,264.73,99.73,2.75,4.41
41526,14,3,45.0,77.27,32.27,0.75,1.29
14214,255,12,405.0,243.71,-161.29,6.75,4.06
38830,128,36,193.0,323.25,130.25,3.22,5.39
74304,47,9,120.0,127.8,7.8,2.0,2.13
3302,58,13,85.0,156.28,71.28,1.42,2.6
13202,1699,63,700.0,1223.94,523.94,11.67,20.4
12869,1972,20,505.0,1102.94,597.94,8.42,18.38
75104,117,20,245.0,224.94,-20.06,4.08,3.75
15670,249,7,295.0,211.77,-83.23,4.92,3.53
57504,26,5,65.0,94.59,29.59,1.08,1.58
3308,4,4,30.0,78.35,48.35,0.5,1.31
72203,34,6,85.0,104.19,19.19,1.42,1.74
40656,59,3,110.0,98.57,-11.43,1.83,1.64
12028,361,4,300.0,247.33,-52.67,5.0,4.12
37324,57,21,90.0,202.36,112.36,1.5,3.37
69114,99,20,180.0,216.42,36.42,3.0,3.61
54091,24,3,50.0,82.0,32.0,0.83,1.37
22146,136,9,149.0,169.93,20.93,2.48,2.83
74817,14,2,30.0,71.45,41.45,0.5,1.19
98885,10,2,20.0,69.56,49.56,0.33,1.16
16183,351,18,460.0,324.06,-135.94,7.67,5.4
40609,59,3,100.0,98.57,-1.43,1.67,1.64
43938,84,17,160.0,191.87,31.87,2.67,3.2
40649,59,3,110.0,98.57,-11.43,1.83,1.64
74019,89,14,150.0,176.78,26.78,2.5,2.95
98040,39,2,59.0,83.28,24.28,0.98,1.39
78513,16,4,40.0,84.03,44.03,0.67,1.4
54310,82,18,170.0,196.74,26.74,2.83,3.28
17235,669,16,875.0,462.94,-412.06,14.58,7.72
33518,77,26,130.0,240.92,110.92,2.17,4.02
69113,99,20,180.0,216.42,36.42,3.0,3.61
96315,6,4,12.0,79.3,67.3,0.2,1.32
33711,32,8,43.0,114.88,71.88,0.72,1.91
56700,410,46,710.0,514.92,-195.08,11.83,8.58
12780,2151,29,930.0,1240.03,310.03,15.5,20.67
40646,59,2,105.0,92.75,-12.25,1.75,1.55
74848,211,28,320.0,315.99,-4.01,5.33,5.27
98817,10,2,20.0,69.56,49.56,0.33,1.16
59827,36,3,65.0,87.68,22.68,1.08,1.46
59078,335,31,620.0,392.13,-227.87,10.33,6.54
37392,24,3,38.0,82.0,44.0,0.63,1.37
55809,156,22,280.0,255.04,-24.96,4.67,4.25
98102,49,2,77.0,88.01,11.01,1.28,1.47
56207,60,13,100.0,157.23,57.23,1.67,2.62
13136,619,17,905.0,445.09,-459.91,15.08,7.42
12735,686,11,710.0,441.89,-268.11,11.83,7.36
51195,132,15,225.0,202.95,-22.05,3.75,3.38
71415,265,33,455.0,370.64,-84.36,7.58,6.18
33438,25,11,45.0,129.03,84.03,0.75,2.15
97223,48,22,78.0,203.92,125.92,1.3,3.4
12912,1430,16,1415.0,823.13,-591.87,23.58,13.72
12641,2899,25,1365.0,1570.79,205.79,22.75,26.18
11075,651,13,805.0,436.96,-368.04,13.42,7.28
54238,45,7,90.0,115.22,25.22,1.5,1.92
37019,19,9,32.0,114.55,82.55,0.53,1.91
51869,13,2,35.0,70.98,35.98,0.58,1.18
55370,55,7,110.0,119.95,9.95,1.83,2.0
53479,45,13,80.0,150.13,70.13,1.33,2.5
34834,59,24,100.0,220.77,120.77,1.67,3.68
31746,43,13,53.0,149.18,96.18,0.88,2.49
96522,32,5,34.0,97.43,63.43,0.57,1.62
54575,77,15,145.0,176.91,31.91,2.42,2.95
12136,895,18,910.0,581.54,-328.46,15.17,9.69
43203,46,19,80.0,185.52,105.52,1.33,3.09
22612,2295,22,1065.0,1267.46,202.46,17.75,21.12
38408,70,24,108.0,225.97,117.97,1.8,3.77
77656,108,8,225.0,150.85,-74.15,3.75,2.51
15051,873,22,1065.0,594.41,-470.59,17.75,9.91
12275,629,2,465.0,362.54,-102.46,7.75,6.04
34539,45,17,77.0,173.41,96.41,1.28,2.89
64019,65,15,160.0,171.24,11.24,2.67,2.85
95613,10,4,16.0,81.19,65.19,0.27,1.35
55013,200,33,490.0,339.88,-150.12,8.17,5.66
43763,57,14,130.0,161.63,31.63,2.17,2.69
41587,14,3,45.0,77.27,32.27,0.75,1.29
34743,61,23,105.0,215.89,110.89,1.75,3.6
13024,658,33,920.0,556.65,-363.35,15.33,9.28
95302,6,2,12.0,67.66,55.66,0.2,1.13
22891,469,14,500.0,356.63,-143.37,8.33,5.94
98757,10,2,20.0,69.56,49.56,0.33,1.16
16024,143,10,180.0,179.06,-0.94,3.0,2.98
74834,313,29,380.0,370.08,-9.92,6.33,6.17
22647,2510,55,1295.0,1561.25,266.25,21.58,26.02
47135,23,13,47.0,139.72,92.72,0.78,2.33
43437,68,12,120.0,155.2,35.2,2.0,2.59
66512,86,16,150.0,186.99,36.99,2.5,3.12
43002,21,11,50.0,127.13,77.13,0.83,2.12
55172,6,2,25.0,67.66,42.66,0.42,1.13
68703,48,10,55.0,134.09,79.09,0.92,2.23
37378,81,23,138.0,225.36,87.36,2.3,3.76
64481,108,17,170.0,203.23,33.23,2.83,3.39
74972,88,14,140.0,176.3,36.3,2.33,2.94
55164,157,24,355.0,267.15,-87.85,5.92,4.45
91395,10,2,20.0,69.56,49.56,0.33,1.16
76504,17,2,45.0,72.87,27.87,0.75,1.21
95327,6,4,14.0,79.3,65.3,0.23,1.32
11007,191,12,245.0,213.42,-31.58,4.08,3.56
78503,165,28,255.0,294.21,39.21,4.25,4.9
98004,49,2,77.0,88.01,11.01,1.28,1.47
97317,33,17,56.0,167.73,111.73,0.93,2.8
53482,11,2,25.0,70.03,45.03,0.42,1.17
33738,32,8,43.0,114.88,71.88,0.72,1.91
16860,982,53,1280.0,826.39,-453.61,21.33,13.77
53352,304,31,560.0,377.46,-182.54,9.33,6.29
37838,106,34,145.0,301.2,156.2,2.42,5.02
98726,10,2,21.0,69.56,48.56,0.35,1.16
12855,416,16,425.0,343.19,-81.81,7.08,5.72
12308,1805,28,450.0,1070.45,620.45,7.5,17.84
98514,19,2,30.0,73.82,43.82,0.5,1.23
56705,333,43,550.0,461.02,-88.98,9.17,7.68
17211,768,21,1110.0,538.89,-571.11,18.5,8.98
22952,853,15,935.0,544.21,-390.79,15.58,9.07
56366,302,43,635.0,446.34,-188.66,10.58,7.44
71413,265,32,555.0,364.82,-190.18,9.25,6.08
96611,10,4,14.0,81.19,67.19,0.23,1.35
34646,24,11,45.0,128.55,83.55,0.75,2.14
12118,244,10,265.0,226.86,-38.14,4.42,3.78
12716,2059,36,625.0,1237.22,612.22,10.42,20.62
55357,141,19,200.0,230.48,30.48,3.33,3.84
95506,32,5,37.0,97.43,60.43,0.62,1.62
18463,1546,47,395.0,1058.42,663.42,6.58,17.64
34616,24,11,45.0,128.55,83.55,0.75,2.14
54555,95,13,140.0,173.8,33.8,2.33,2.9
54211,128,23,260.0,247.61,-12.39,4.33,4.13
14807,150,10,175.0,182.37,7.37,2.92,3.04
54758,327,43,520.0,458.18,-61.82,8.67,7.64
66307,155,25,240.0,272.02,32.02,4.0,4.53
77613,40,17,70.0,171.04,101.04,1.17,2.85
99039,34,2,53.0,80.91,27.91,0.88,1.35
68734,97,15,135.0,186.38,51.38,2.25,3.11
12983,715,15,770.0,478.89,-291.11,12.83,7.98
18621,571,42,880.0,567.85,-312.15,14.67,9.46
41574,14,3,45.0,77.27,32.27,0.75,1.29
16575,409,14,585.0,328.24,-256.76,9.75,5.47
55538,230,35,450.0,365.71,-84.29,7.5,6.1
97334,33,17,58.0,167.73,109.73,0.97,2.8
33357,7,3,13.0,73.95,60.95,0.22,1.23
54394,53,9,140.0,130.64,-9.36,2.33,2.18
69147,78,13,140.0,165.75,25.75,2.33,2.76
64592,194,31,305.0,325.4,20.4,5.08,5.42
6851,10,3,20.0,75.37,55.37,0.33,1.26
13022,692,42,1080.0,625.12,-454.88,18.0,10.42
75210,105,16,225.0,195.99,-29.01,3.75,3.27
59837,85,11,145.0,157.43,12.43,2.42,2.62
37553,8,4,18.0,80.25,62.25,0.3,1.34
98190,49,2,77.0,88.01,11.01,1.28,1.47
74992,215,23,430.0,288.78,-141.22,7.17,4.81
14307,460,41,760.0,509.49,-250.51,12.67,8.49
31825,102,30,140.0,276.03,136.03,2.33,4.6
41577,14,3,45.0,77.27,32.27,0.75,1.29
97130,20,8,32.0,109.2,77.2,0.53,1.82
77227,33,8,60.0,115.36,55.36,1.0,1.92
22441,194,9,190.0,197.38,7.38,3.17,3.29
58425,214,22,310.0,282.49,-27.51,5.17,4.71
40081,29,18,55.0,171.65,116.65,0.92,2.86
16341,302,23,390.0,329.96,-60.04,6.5,5.5
51815,204,25,310.0,295.22,-14.78,5.17,4.92
53048,218,23,300.0,290.2,-9.8,5.0,4.84
54762,125,16,180.0,205.45,25.45,3.0,3.42
78801,89,16,150.0,188.41,38.41,2.5,3.14
98711,10,2,20.0,69.56,49.56,0.33,1.16
74948,31,2,60.0,79.49,19.49,1.0,1.32
76552,157,22,255.0,255.51,0.51,4.25,4.26
13131,545,44,835.0,567.18,-267.82,13.92,9.45
64418,28,10,75.0,124.63,49.63,1.25,2.08
54625,87,17,195.0,193.29,-1.71,3.25,3.22
74832,185,19,220.0,251.31,31.31,3.67,4.19
40041,29,18,55.0,171.65,116.65,0.92,2.86
40350,29,2,55.0,78.55,23.55,0.92,1.31
43506,86,28,140.0,256.82,116.82,2.33,4.28
99224,20,2,32.0,74.29,42.29,0.53,1.24
14308,460,40,740.0,503.67,-236.33,12.33,8.39
33682,60,20,93.0,197.96,104.96,1.55,3.3
77634,13,4,20.0,82.61,62.61,0.33,1.38
18029,1957,83,860.0,1462.44,602.44,14.33,24.37
97008,53,24,87.0,217.93,130.93,1.45,3.63
56138,18,6,75.0,96.62,21.62,1.25,1.61
53556,70,9,105.0,138.69,33.69,1.75,2.31
30331,55,27,124.0,236.33,112.33,2.07,3.94
34859,59,24,98.0,220.77,122.77,1.63,3.68
74961,123,20,200.0,227.78,27.78,3.33,3.8
97151,53,24,89.0,217.93,128.93,1.48,3.63
59104,62,11,205.0,146.54,-58.46,3.42,2.44
37020,19,9,35.0,114.55,79.55,0.58,1.91
77406,14,3,45.0,77.27,32.27,0.75,1.29
41570,14,3,45.0,77.27,32.27,0.75,1.29
68727,112,15,145.0,193.48,48.48,2.42,3.22
51603,263,32,390.0,363.88,-26.12,6.5,6.06
34124,30,11,51.0,131.39,80.39,0.85,2.19
22708,759,18,790.0,517.17,-272.83,13.17,8.62
401,1618,12,750.0,888.83,138.83,12.5,14.81
40407,29,18,55.0,171.65,116.65,0.92,2.86
59736,47,4,60.0,98.71,38.71,1.0,1.65
74914,42,7,70.0,113.8,43.8,1.17,1.9
95406,67,10,73.0,143.09,70.09,1.22,2.38
19015,958,63,1275.0,873.22,-401.78,21.25,14.55
56318,77,16,145.0,182.73,37.73,2.42,3.05
74842,303,35,445.0,400.26,-44.74,7.42,6.67
12169,265,5,240.0,207.71,-32.29,4.0,3.46
12029,447,8,385.0,311.31,-73.69,6.42,5.19
54464,233,36,670.0,372.95,-297.05,11.17,6.22
76841,180,26,285.0,289.68,4.68,4.75,4.83
97391,33,17,56.0,167.73,111.73,0.93,2.8
98558,19,2,30.0,73.82,43.82,0.5,1.23
57593,243,36,430.0,377.69,-52.31,7.17,6.29
99022,34,2,53.0,80.91,27.91,0.88,1.35
33319,52,19,82.0,188.36,106.36,1.37,3.14
51916,51,12,125.0,147.15,22.15,2.08,2.45
98162,49,2,78.0,88.01,10.01,1.3,1.47
97446,33,16,58.0,161.91,103.91,0.97,2.7
97319,33,17,56.0,167.73,111.73,0.93,2.8
34829,59,17,91.0,180.03,89.03,1.52,3.0
99400,18,2,28.0,73.34,45.34,0.47,1.22
12943,1301,12,1375.0,738.79,-636.21,22.92,12.31
47182,37,22,80.0,198.72,118.72,1.33,3.31
33619,32,13,61.0,143.98,82.98,1.02,2.4
38318,58,20,93.0,197.02,104.02,1.55,3.28
98804,10,2,21.0,69.56,48.56,0.35,1.16
79322,21,6,55.0,98.04,43.04,0.92,1.63
56275,372,32,555.0,415.47,-139.53,9.25,6.92
79312,21,6,55.0,98.04,43.04,0.92,1.63
47106,25,13,45.0,140.66,95.66,0.75,2.34
95120,46,7,50.0,115.69,65.69,0.83,1.93
55560,139,23,280.0,252.81,-27.19,4.67,4.21
38304,58,20,90.0,197.02,107.02,1.5,3.28
58504,184,25,245.0,285.75,40.75,4.08,4.76
56732,173,14,225.0,216.53,-8.47,3.75,3.61
12243,491,6,420.0,320.49,-99.51,7.0,5.34
53049,453,53,720.0,576.0,-144.0,12.0,9.6
12772,586,14,625.0,412.01,-212.99,10.42,6.87
57241,220,35,315.0,360.98,45.98,5.25,6.02
14609,635,22,845.0,481.76,-363.24,14.08,8.03
59211,222,21,350.0,280.46,-69.54,5.83,4.67
95744,53,8,62.0,124.82,62.82,1.03,2.08
55240,51,10,120.0,135.51,15.51,2.0,2.26
19261,2427,30,1290.0,1376.49,86.49,21.5,22.94
58134,101,15,185.0,188.27,3.27,3.08,3.14
15012,698,20,965.0,499.94,-465.06,16.08,8.33
18448,784,41,1080.0,662.84,-417.16,18.0,11.05
40389,29,18,55.0,171.65,116.65,0.92,2.86
40552,59,2,101.0,92.75,-8.25,1.68,1.55
52976,63,8,150.0,129.56,-20.44,2.5,2.16
38808,128,26,180.0,265.06,85.06,3.0,4.42
15040,107,8,120.0,150.38,30.38,2.0,2.51
38802,128,36,187.0,323.25,136.25,3.12,5.39
63543,88,18,125.0,199.58,74.58,2.08,3.33
53064,194,31,355.0,325.4,-29.6,5.92,5.42
16605,691,41,955.0,618.82,-336.18,15.92,10.31
96606,10,2,15.0,69.56,54.56,0.25,1.16
66301,155,25,255.0,272.02,17.02,4.25,4.53
12071,422,7,450.0,293.66,-156.34,7.5,4.89
72208,35,6,85.0,104.66,19.66,1.42,1.74
53452,41,6,85.0,107.5,22.5,1.42,1.79
15102,1882,19,785.0,1054.52,269.52,13.08,17.58
56385,58,12,105.0,150.46,45.46,1.75,2.51
22859,1247,21,1285.0,765.61,-519.39,21.42,12.76
36084,72,24,108.0,226.92,118.92,1.8,3.78
67260,138,27,205.0,275.62,70.62,3.42,4.59
47161,37,22,80.0,198.72,118.72,1.33,3.31
55305,76,7,120.0,129.89,9.89,2.0,2.16
12479,934,17,1010.0,594.18,-415.82,16.83,9.9
53623,183,20,385.0,256.18,-128.82,6.42,4.27
68644,8,2,15.0,68.61,53.61,0.25,1.14
59440,490,66,950.0,669.17,-280.83,15.83,11.15
57686,108,8,155.0,150.85,-4.15,2.58,2.51
31817,102,30,147.0,276.03,129.03,2.45,4.6
98114,49,2,77.0,88.01,11.01,1.28,1.47
13320,328,20,510.0,324.81,-185.19,8.5,5.41
6647,89,8,130.0,141.86,11.86,2.17,2.36
40569,59,7,100.0,121.84,21.84,1.67,2.03
43615,22,8,50.0,110.15,60.15,0.83,1.84
6006,699,14,905.0,465.5,-439.5,15.08,7.76
82653,2440,22,1145.0,1336.09,191.09,19.08,22.27
31772,153,29,213.0,294.35,81.35,3.55,4.91
11084,1153,28,330.0,761.85,431.85,5.5,12.7
12698,903,14,965.0,562.05,-402.95,16.08,9.37
36852,94,29,140.0,266.43,126.43,2.33,4.44
64430,25,7,50.0,105.75,55.75,0.83,1.76
40564,59,2,112.0,92.75,-19.25,1.87,1.55
99490,18,2,29.0,73.34,44.34,0.48,1.22
40663,59,2,100.0,92.75,-7.25,1.67,1.55
12037,328,7,325.0,249.16,-75.84,5.42,4.15
56373,22,3,30.0,81.05,51.05,0.5,1.35
40357,29,18,55.0,171.65,116.65,0.92,2.86
96215,14,5,19.0,88.91,69.91,0.32,1.48
6547,632,14,705.0,433.78,-271.22,11.75,7.23
76813,28,4,65.0,89.71,24.71,1.08,1.5
53213,94,26,185.0,248.97,63.97,3.08,4.15
19409,1569,29,470.0,964.56,494.56,7.83,16.08
51973,273,34,430.0,380.25,-49.75,7.17,6.34
95227,14,5,19.0,88.91,69.91,0.32,1.48
42416,82,21,135.0,214.2,79.2,2.25,3.57
63228,207,31,475.0,331.55,-143.45,7.92,5.53
12132,330,8,365.0,255.93,-109.07,6.08,4.27
53007,131,28,270.0,278.12,8.12,4.5,4.64
97361,33,17,60.0,167.73,107.73,1.0,2.8
56276,372,31,545.0,409.65,-135.35,9.08,6.83
34546,45,17,75.0,173.41,98.41,1.25,2.89
17038,2121,28,1030.0,1220.01,190.01,17.17,20.33
47122,25,13,50.0,140.66,90.66,0.83,2.34
63205,123,25,290.0,256.88,-33.12,4.83,4.28
12795,314,4,320.0,225.08,-94.92,5.33,3.75
64451,88,18,155.0,199.58,44.58,2.58,3.33
40039,29,18,55.0,171.65,116.65,0.92,2.86
78019,17,5,53.0,90.33,37.33,0.88,1.51
58817,47,9,95.0,127.8,32.8,1.58,2.13
55540,267,43,595.0,429.78,-165.22,9.92,7.16
56014,70,14,135.0,167.78,32.78,2.25,2.8
58151,96,12,195.0,168.45,-26.55,3.25,2.81
95237,14,5,19.0,88.91,69.91,0.32,1.48
99808,63,17,85.0,181.93,96.93,1.42,3.03
69104,35,9,90.0,122.12,32.12,1.5,2.04
31636,76,23,108.0,222.99,114.99,1.8,3.72
97077,37,15,59.0,157.98,98.98,0.98,2.63
56830,264,25,390.0,323.62,-66.38,6.5,5.39
98908,40,2,68.0,83.75,15.75,1.13,1.4
55180,6,2,25.0,67.66,42.66,0.42,1.13
53555,70,9,105.0,138.69,33.69,1.75,2.31
54015,49,7,95.0,117.11,22.11,1.58,1.95
40414,29,2,55.0,78.55,23.55,0.92,1.31
55550,87,18,185.0,199.11,14.11,3.08,3.32
55371,25,3,45.0,82.47,37.47,0.75,1.37
53498,52,18,127.0,182.54,55.54,2.12,3.04
98577,28,2,47.0,78.07,31.07,0.78,1.3
74673,98,16,178.0,192.67,14.67,2.97,3.21
19302,1895,32,1075.0,1136.32,61.32,17.92,18.94
43415,73,27,125.0,244.85,119.85,2.08,4.08
53615,174,19,365.0,246.1,-118.9,6.08,4.1
19038,1831,68,915.0,1315.52,400.52,15.25,21.93
22691,2337,15,595.0,1246.6,651.6,9.92,20.78
12749,441,19,475.0,372.48,-102.52,7.92,6.21
15058,749,8,860.0,454.25,-405.75,14.33,7.57
67296,97,11,117.0,163.1,46.1,1.95,2.72
37819,106,34,147.0,301.2,154.2,2.45,5.02
51033,187,8,275.0,188.25,-86.75,4.58,3.14
95210,14,3,19.0,77.27,58.27,0.32,1.29
58109,147,19,240.0,233.32,-6.68,4.0,3.89
12082,499,15,550.0,376.65,-173.35,9.17,6.28
47128,23,13,52.0,139.72,87.72,0.87,2.33
53063,194,31,300.0,325.4,25.4,5.0,5.42
53403,433,66,1102.0,642.19,-459.81,18.37,10.7
55032,332,55,710.0,530.37,-179.63,11.83,8.84
64589,78,12,105.0,159.93,54.93,1.75,2.67
51705,121,17,235.0,209.38,-25.62,3.92,3.49
43238,46,19,80.0,185.52,105.52,1.33,3.09
59040,114,14,140.0,188.61,48.61,2.33,3.14
47111,25,13,55.0,140.66,85.66,0.92,2.34
13506,372,14,480.0,310.72,-169.28,8.0,5.18
97057,53,24,89.0,217.93,128.93,1.48,3.63
13152,1979,97,1250.0,1554.32,304.32,20.83,25.91
47165,37,22,87.0,198.72,111.72,1.45,3.31
69189,152,23,245.0,258.97,13.97,4.08,4.32
41097,14,3,45.0,77.27,32.27,0.75,1.29
15717,405,26,685.0,396.17,-288.83,11.42,6.6
56661,83,13,130.0,168.12,38.12,2.17,2.8
56221,69,14,105.0,167.31,62.31,1.75,2.79
36848,94,29,125.0,266.43,141.43,2.08,4.44
55308,85,12,140.0,163.24,23.24,2.33,2.72
74620,134,9,140.0,168.98,28.98,2.33,2.82
99226,20,2,32.0,74.29,42.29,0.53,1.24
15619,1093,21,1415.0,692.71,-722.29,23.58,11.55
12183,754,11,820.0,474.07,-345.93,13.67,7.9
98043,49,2,77.0,88.01,11.01,1.28,1.47
51431,188,22,315.0,270.19,-44.81,5.25,4.5
52929,189,17,420.0,241.56,-178.44,7.0,4.03
37916,144,31,185.0,301.73,116.73,3.08,5.03
12244,493,6,410.0,321.44,-88.56,6.83,5.36
51240,22,4,40.0,86.87,46.87,0.67,1.45
98538,19,2,30.0,73.82,43.82,0.5,1.23
77684,151,14,195.0,206.12,11.12,3.25,3.44
40549,59,3,113.0,98.57,-14.43,1.88,1.64
74991,215,23,330.0,288.78,-41.22,5.5,4.81
56707,62,8,80.0,129.08,49.08,1.33,2.15
33514,77,29,127.0,258.38,131.38,2.12,4.31
12155,681,10,655.0,433.7,-221.3,10.92,7.23
13165,606,15,855.0,427.3,-427.7,14.25,7.12
55126,118,22,245.0,237.05,-7.95,4.08,3.95
98158,49,2,77.0,88.01,11.01,1.28,1.47
40612,59,9,120.0,133.48,13.48,2.0,2.22
11016,1677,46,560.0,1114.61,554.61,9.33,18.58
12652,2652,15,1215.0,1395.7,180.7,20.25,23.26
79320,21,6,55.0,98.04,43.04,0.92,1.63
31536,96,26,133.0,249.92,116.92,2.22,4.17
41127,14,3,45.0,77.27,32.27,0.75,1.29
74856,142,14,185.0,201.86,16.86,3.08,3.36
75237,159,20,230.0,244.82,14.82,3.83,4.08
15004,551,28,800.0,476.91,-323.09,13.33,7.95
57642,299,25,450.0,340.18,-109.82,7.5,5.67
42657,62,15,140.0,169.82,29.82,2.33,2.83
37320,57,20,95.0,196.54,101.54,1.58,3.28
12220,774,4,720.0,442.8,-277.2,12.0,7.38
71906,51,8,80.0,123.88,43.88,1.33,2.06
54766,95,11,160.0,162.16,2.16,2.67,2.7
99213,20,2,32.0,74.29,42.29,0.53,1.24
53008,131,29,330.0,283.94,-46.06,5.5,4.73
97385,33,17,56.0,167.73,111.73,0.93,2.8
40063,29,18,55.0,171.65,116.65,0.92,2.86
98353,38,2,65.0,82.81,17.81,1.08,1.38
40553,59,7,110.0,121.84,11.84,1.83,2.03
21067,95,4,119.0,121.42,2.42,1.98,2.02
54042,119,17,190.0,208.43,18.43,3.17,3.47
75722,64,12,135.0,153.3,18.3,2.25,2.56
33802,79,24,120.0,230.23,110.23,2.0,3.84
19571,201,15,280.0,235.61,-44.39,4.67,3.93
99465,18,2,28.0,73.34,45.34,0.47,1.22
98740,10,2,21.0,69.56,48.56,0.35,1.16
66038,93,12,140.0,167.03,27.03,2.33,2.78
56102,40,4,65.0,95.39,30.39,1.08,1.59
36833,94,29,125.0,266.43,141.43,2.08,4.44
43424,68,14,120.0,166.84,46.84,2.0,2.78
43670,37,10,100.0,128.89,28.89,1.67,2.15
14796,108,6,160.0,139.22,-20.78,2.67,2.32
40630,59,11,105.0,145.12,40.12,1.75,2.42
68701,48,10,55.0,134.09,79.09,0.92,2.23
15765,262,19,396.0,287.75,-108.25,6.6,4.8
77237,70,18,145.0,191.06,46.06,2.42,3.18
74808,14,2,30.0,71.45,41.45,0.5,1.19
33854,79,22,115.0,218.59,103.59,1.92,3.64
40020,29,18,55.0,171.65,116.65,0.92,2.86
12248,1358,7,1065.0,736.68,-328.32,17.75,12.28
66021,68,6,85.0,120.28,35.28,1.42,2.0
40622,59,2,100.0,92.75,-7.25,1.67,1.55
47125,25,13,45.0,140.66,95.66,0.75,2.34
40410,29,2,55.0,78.55,23.55,0.92,1.31
52473,191,34,585.0,341.43,-243.57,9.75,5.69
34841,59,24,100.0,220.77,120.77,1.67,3.68
97353,33,17,55.0,167.73,112.73,0.92,2.8
22861,288,10,290.0,247.69,-42.31,4.83,4.13
43891,4,3,20.0,72.53,52.53,0.33,1.21
34356,29,9,41.0,119.28,78.28,0.68,1.99
19712,792,34,995.0,625.9,-369.1,16.58,10.43
54309,82,18,170.0,196.74,26.74,2.83,3.28
51807,191,20,260.0,259.97,-0.03,4.33,4.33
14314,1591,27,540.0,963.34,423.34,9.0,16.06
78805,89,16,140.0,188.41,48.41,2.33,3.14
12418,624,7,570.0,389.26,-180.74,9.5,6.49
18010,2002,24,1110.0,1140.41,30.41,18.5,19.01
11096,622,16,715.0,440.69,-274.31,11.92,7.34
16570,599,15,810.0,423.98,-386.02,13.5,7.07
12056,304,10,370.0,255.26,-114.74,6.17,4.25
19806,1086,22,1235.0,695.22,-539.78,20.58,11.59
55820,126,14,230.0,194.29,-35.71,3.83,3.24
98134,39,2,61.0,83.28,22.28,1.02,1.39
47130,23,13,50.0,139.72,89.72,0.83,2.33
98715,10,2,20.0,69.56,49.56,0.33,1.16
40709,108,5,186.0,133.4,-52.6,3.1,2.22
5613,85,11,125.0,157.43,32.43,2.08,2.62
12647,2650,28,1390.0,1470.4,80.4,23.17,24.51
34641,24,11,46.0,128.55,82.55,0.77,2.14
30451,24,11,66.0,128.55,62.55,1.1,2.14
11205,699,20,995.0,500.41,-494.59,16.58,8.34
64443,28,10,90.0,124.63,34.63,1.5,2.08
98329,28,2,48.0,78.07,30.07,0.8,1.3
73033,44,9,75.0,126.38,51.38,1.25,2.11
54009,141,25,280.0,265.4,-14.6,4.67,4.42
63584,111,19,150.0,216.28,66.28,2.5,3.6
69174,89,10,100.0,153.5,53.5,1.67,2.56
75719,251,45,420.0,433.84,13.84,7.0,7.23
11112,941,12,1095.0,568.4,-526.6,18.25,9.47
55171,6,2,25.0,67.66,42.66,0.42,1.13
52258,205,16,380.0,243.32,-136.68,6.33,4.06
74952,87,17,195.0,193.29,-1.71,3.25,3.22
11056,1732,23,595.0,1006.8,411.8,9.92,16.78
33816,79,22,110.0,218.59,108.59,1.83,3.64
76804,26,9,55.0,117.86,62.86,0.92,1.96
16533,2173,30,1395.0,1256.26,-138.74,23.25,20.94
12105,971,26,970.0,664.07,-305.93,16.17,11.07
31211,25,9,40.0,117.39,77.39,0.67,1.96
12990,976,23,1040.0,648.98,-391.02,17.33,10.82
47107,25,13,45.0,140.66,95.66,0.75,2.34
43016,21,11,45.0,127.13,82.13,0.75,2.12
63511,104,14,115.0,183.88,68.88,1.92,3.06
2845,1770,17,455.0,989.87,534.87,7.58,16.5
15271,549,12,705.0,382.86,-322.14,11.75,6.38
52595,12,3,120.0,76.32,-43.68,2.0,1.27
96402,67,10,70.0,143.09,73.09,1.17,2.38
22956,838,22,910.0,577.84,-332.16,15.17,9.63
52225,67,8,120.0,131.45,11.45,2.0,2.19
41048,14,3,45.0,77.27,32.27,0.75,1.29
14681,438,21,545.0,382.7,-162.3,9.08,6.38
37304,33,13,57.0,144.45,87.45,0.95,2.41
22865,1853,18,510.0,1034.98,524.98,8.5,17.25
58016,284,28,340.0,350.54,10.54,5.67,5.84
64410,25,8,50.0,111.57,61.57,0.83,1.86
68001,148,14,170.0,204.7,34.7,2.83,3.41
43209,46,19,75.0,185.52,110.52,1.25,3.09
16186,10,2,25.0,69.56,44.56,0.42,1.16
53179,223,35,335.0,362.4,27.4,5.58,6.04
64596,152,20,225.0,241.51,16.51,3.75,4.03
13465,329,15,425.0,296.19,-128.81,7.08,4.94
55750,56,10,110.0,137.88,27.88,1.83,2.3
97103,53,24,90.0,217.93,127.93,1.5,3.63
12003,504,7,400.0,332.47,-67.53,6.67,5.54
63527,42,6,43.0,107.98,64.98,0.72,1.8
95403,67,12,70.0,154.72,84.72,1.17,2.58
40632,59,2,100.0,92.75,-7.25,1.67,1.55
97367,33,17,56.0,167.73,111.73,0.93,2.8
33321,52,19,83.0,188.36,105.36,1.38,3.14
43242,46,19,80.0,185.52,105.52,1.33,3.09
55353,105,7,135.0,143.62,8.62,2.25,2.39
7438,1533,28,405.0,941.71,536.71,6.75,15.7
37852,106,34,140.0,301.2,161.2,2.33,5.02
56010,70,13,130.0,161.96,31.96,2.17,2.7
99220,20,2,33.0,74.29,41.29,0.55,1.24
56859,133,11,180.0,180.14,0.14,3.0,3.0
34614,24,11,42.0,128.55,86.55,0.7,2.14
38052,139,26,195.0,270.27,75.27,3.25,4.5
12389,2348,17,900.0,1263.45,363.45,15.0,21.06
12378,718,10,780.0,451.21,-328.79,13.0,7.52
97146,53,24,89.0,217.93,128.93,1.48,3.63
77631,13,4,25.0,82.61,57.61,0.42,1.38
55141,81,19,190.0,202.08,12.08,3.17,3.37
42422,82,21,135.0,214.2,79.2,2.25,3.57
99908,34,12,50.0,139.11,89.11,0.83,2.32
59395,133,13,385.0,191.78,-193.22,6.42,3.2
43426,68,12,120.0,155.2,35.2,2.0,2.59
56725,161,17,270.0,228.31,-41.69,4.5,3.81
41514,14,3,45.0,77.27,32.27,0.75,1.29
11088,1053,25,1255.0,697.06,-557.94,20.92,11.62
59356,585,65,975.0,708.31,-266.69,16.25,11.81
55325,319,55,615.0,524.22,-90.78,10.25,8.74
40105,29,18,55.0,171.65,116.65,0.92,2.86
99419,18,2,28.0,73.34,45.34,0.47,1.22
95118,46,7,51.0,115.69,64.69,0.85,1.93
78534,142,18,185.0,225.14,40.14,3.08,3.75
38058,139,26,210.0,270.27,60.27,3.5,4.5
63571,131,20,275.0,231.57,-43.43,4.58,3.86
58416,90,21,185.0,217.98,32.98,3.08,3.63
71416,265,31,455.0,359.0,-96.0,7.58,5.98
51765,77,10,185.0,147.82,-37.18,3.08,2.46
33534,77,25,125.0,235.11,110.11,2.08,3.92
12952,1376,8,950.0,751.01,-198.99,15.83,12.52
19718,569,17,725.0,421.42,-303.58,12.08,7.02
59709,66,10,125.0,142.61,17.61,2.08,2.38
4736,691,17,815.0,479.17,-335.83,13.58,7.99
43402,73,27,120.0,244.85,124.85,2.0,4.08
96303,6,4,13.0,79.3,66.3,0.22,1.32
98835,10,2,22.0,69.56,47.56,0.37,1.16
59271,169,18,260.0,237.92,-22.08,4.33,3.97
34136,30,11,53.0,131.39,78.39,0.88,2.19
57518,114,15,175.0,194.43,19.43,2.92,3.24
54614,106,17,180.0,202.28,22.28,3.0,3.37
57476,370,40,605.0,461.07,-143.93,10.08,7.68
95508,32,5,35.0,97.43,62.43,0.58,1.62
98714,10,2,21.0,69.56,48.56,0.35,1.16
19165,1945,70,1335.0,1381.11,46.11,22.25,23.02
74647,56,8,85.0,126.24,41.24,1.42,2.1
99004,34,2,53.0,80.91,27.91,0.88,1.35
43232,46,19,80.0,185.52,105.52,1.33,3.09
43015,20,11,50.0,126.66,76.66,0.83,2.11
56706,334,42,505.0,455.67,-49.33,8.42,7.59
95511,32,7,36.0,109.06,73.06,0.6,1.82
31613,76,24,108.0,228.81,120.81,1.8,3.81
78531,60,10,85.0,139.77,54.77,1.42,2.33
55167,17,3,25.0,78.69,53.69,0.42,1.31
43614,22,12,50.0,133.43,83.43,0.83,2.22
73038,54,10,90.0,136.93,46.93,1.5,2.28
40619,59,2,100.0,92.75,-7.25,1.67,1.55
22124,892,10,955.0,533.57,-421.43,15.92,8.89
56925,69,7,80.0,126.58,46.58,1.33,2.11
74941,31,2,60.0,79.49,19.49,1.0,1.32
32250,28,9,48.0,118.81,70.81,0.8,1.98
14012,410,9,540.0,299.61,-240.39,9.0,4.99
40115,29,18,55.0,171.65,116.65,0.92,2.86
31433,40,15,66.0,159.4,93.4,1.1,2.66
54335,117,20,230.0,224.94,-5.06,3.83,3.75
67254,32,6,60.0,103.24,43.24,1.0,1.72
95307,6,4,12.0,79.3,67.3,0.2,1.32
37273,39,17,60.0,170.57,110.57,1.0,2.84
34739,61,21,98.0,204.26,106.26,1.63,3.4
15934,2872,38,790.0,1633.66,843.66,13.17,27.23
12205,304,7,350.0,237.8,-112.2,5.83,3.96
22206,555,3,515.0,333.33,-181.67,8.58,5.56
43650,22,8,50.0,110.15,60.15,0.83,1.84
98862,10,2,21.0,69.56,48.56,0.35,1.16
74963,123,20,210.0,227.78,17.78,3.5,3.8
97608,15,10,30.0,118.47,88.47,0.5,1.97
58201,112,15,160.0,193.48,33.48,2.67,3.22
57649,36,5,50.0,99.32,49.32,0.83,1.66
22920,1719,12,425.0,936.64,511.64,7.08,15.61
22387,269,16,295.0,273.61,-21.39,4.92,4.56
78011,55,8,80.0,125.77,45.77,1.33,2.1
58003,299,38,425.0,415.83,-9.17,7.08,6.93
22680,211,10,190.0,211.24,21.24,3.17,3.52
74843,208,24,300.0,291.29,-8.71,5.0,4.85
37525,8,4,20.0,80.25,60.25,0.33,1.34
36858,94,29,122.0,266.43,144.43,2.03,4.44
31192,15,7,24.0,101.02,77.02,0.4,1.68
15001,1122,26,1435.0,735.54,-699.46,23.92,12.26
12463,614,8,610.0,390.35,-219.65,10.17,6.51
93109,63,9,80.0,135.37,55.37,1.33,2.26
34164,30,11,53.0,131.39,78.39,0.88,2.19
18507,2552,48,1420.0,1540.39,120.39,23.67,25.67
17209,962,35,1185.0,712.18,-472.82,19.75,11.87
12438,1652,7,1325.0,875.83,-449.17,22.08,14.6
52252,205,19,435.0,260.78,-174.22,7.25,4.35
19420,1719,27,450.0,1023.92,573.92,7.5,17.07
40363,29,18,55.0,171.65,116.65,0.92,2.86
8574,759,15,920.0,499.71,-420.29,15.33,8.33
97429,24,10,39.0,122.73,83.73,0.65,2.05
42044,47,16,85.0,168.53,83.53,1.42,2.81
56877,121,22,195.0,238.47,43.47,3.25,3.97
12219,774,4,720.0,442.8,-277.2,12.0,7.38
95616,10,2,15.0,69.56,54.56,0.25,1.16
33851,79,24,115.0,230.23,115.23,1.92,3.84
56202,60,13,100.0,157.23,57.23,1.67,2.62
64566,192,30,315.0,318.63,3.63,5.25,5.31
74815,14,2,30.0,71.45,41.45,0.5,1.19
55329,213,33,455.0,346.03,-108.97,7.58,5.77
74011,69,17,135.0,184.77,49.77,2.25,3.08
47187,37,22,85.0,198.72,113.72,1.42,3.31
55676,140,14,240.0,200.91,-39.09,4.0,3.35
64560,180,28,275.0,301.31,26.31,4.58,5.02
12325,1792,18,500.0,1006.1,506.1,8.33,16.77
67293,60,10,95.0,139.77,44.77,1.58,2.33
22872,1178,19,1280.0,721.31,-558.69,21.33,12.02
96116,99,30,138.0,274.61,136.61,2.3,4.58
74614,134,17,185.0,215.53,30.53,3.08,3.59
42302,34,14,75.0,150.74,75.74,1.25,2.51
25201,58,6,95.0,115.55,20.55,1.58,1.93
99484,18,2,28.0,73.34,45.34,0.47,1.22
99413,18,2,28.0,73.34,45.34,0.47,1.22
12322,2167,49,855.0,1363.99,508.99,14.25,22.73
30321,85,35,187.0,297.08,110.08,3.12,4.95
67275,59,16,105.0,174.21,69.21,1.75,2.9
36851,94,26,141.0,248.97,107.97,2.35,4.15
16581,268,10,370.0,238.22,-131.78,6.17,3.97
33714,32,9,45.0,120.7,75.7,0.75,2.01
63290,85,14,125.0,174.88,49.88,2.08,2.91
15714,289,19,430.0,300.53,-129.47,7.17,5.01
95705,53,9,59.0,130.64,71.64,0.98,2.18
31919,119,36,161.0,318.99,157.99,2.68,5.32
97606,15,10,30.0,118.47,88.47,0.5,1.97
11060,1770,24,660.0,1030.6,370.6,11.0,17.18
73263,64,12,155.0,153.3,-1.7,2.58,2.56
54201,37,7,65.0,111.43,46.43,1.08,1.86
95802,48,12,67.0,145.73,78.73,1.12,2.43
99036,34,2,53.0,80.91,27.91,0.88,1.35
37119,6,2,26.0,67.66,41.66,0.43,1.13
22502,3617,39,1055.0,1992.1,937.1,17.58,33.2
12505,1850,30,575.0,1103.38,528.38,9.58,18.39
34922,46,8,58.0,121.51,63.51,0.97,2.03
11051,314,9,405.0,254.18,-150.82,6.75,4.24
36012,26,9,41.0,117.86,76.86,0.68,1.96
66532,85,17,145.0,192.34,47.34,2.42,3.21
74026,93,24,205.0,236.86,31.86,3.42,3.95
97427,33,17,55.0,167.73,112.73,0.92,2.8
22962,547,18,595.0,416.83,-178.17,9.92,6.95
97327,33,17,59.0,167.73,108.73,0.98,2.8
97234,39,15,62.0,158.93,96.93,1.03,2.65
78060,113,26,164.0,257.96,93.96,2.73,4.3
11201,1015,26,1295.0,684.89,-610.11,21.58,11.41
43662,37,10,105.0,128.89,23.89,1.75,2.15
59046,182,23,280.0,273.17,-6.83,4.67,4.55
51114,56,9,75.0,132.06,57.06,1.25,2.2
53448,51,15,140.0,164.61,24.61,2.33,2.74
96641,10,4,15.0,81.19,66.19,0.25,1.35
54790,384,45,525.0,496.79,-28.21,8.75,8.28
12228,831,5,760.0,475.6,-284.4,12.67,7.93
95917,33,6,43.0,103.72,60.72,0.72,1.73
34431,16,8,33.0,107.31,74.31,0.55,1.79
12392,1092,33,1260.0,762.07,-497.93,21.0,12.7
40056,29,18,55.0,171.65,116.65,0.92,2.86
13020,1521,64,885.0,1145.51,260.51,14.75,19.09
63237,152,21,280.0,247.33,-32.67,4.67,4.12
18407,1697,26,525.0,1007.69,482.69,8.75,16.79
37537,8,4,20.0,80.25,60.25,0.33,1.34
97333,33,17,56.0,167.73,111.73,0.93,2.8
13347,493,32,840.0,472.74,-367.26,14.0,7.88
64911,71,17,125.0,185.71,60.71,2.08,3.1
41534,14,3,45.0,77.27,32.27,0.75,1.29
22873,930,17,905.0,592.29,-312.71,15.08,9.87
55230,108,22,270.0,232.32,-37.68,4.5,3.87
56302,56,12,95.0,149.52,54.52,1.58,2.49
97331,33,17,57.0,167.73,110.73,0.95,2.8
22152,1193,19,1295.0,728.41,-566.59,21.58,12.14
69153,54,9,85.0,131.11,46.11,1.42,2.19
5719,204,11,240.0,213.75,-26.25,4.0,3.56
58809,38,7,75.0,111.9,36.9,1.25,1.86
22101,260,7,280.0,216.98,-63.02,4.67,3.62
41546,14,3,45.0,77.27,32.27,0.75,1.29
12038,328,7,330.0,249.16,-80.84,5.5,4.15
97260,39,15,60.0,158.93,98.93,1.0,2.65
40373,29,18,55.0,171.65,116.65,0.92,2.86
63206,123,22,350.0,239.42,-110.58,5.83,3.99
59708,66,9,105.0,136.79,31.79,1.75,2.28
16340,1875,39,860.0,1167.59,307.59,14.33,19.46
55175,6,2,25.0,67.66,42.66,0.42,1.13
98848,10,2,21.0,69.56,48.56,0.35,1.16
43508,86,28,130.0,256.82,126.82,2.17,4.28
99023,34,2,53.0,80.91,27.91,0.88,1.35
33622,32,11,55.0,132.34,77.34,0.92,2.21
78820,249,28,355.0,333.97,-21.03,5.92,5.57
59122,105,19,175.0,213.44,38.44,2.92,3.56
56208,60,13,110.0,157.23,47.23,1.83,2.62
34929,46,8,62.0,121.51,59.51,1.03,2.03
67299,149,27,290.0,280.82,-9.18,4.83,4.68
53401,103,19,195.0,212.5,17.5,3.25,3.54
56389,58,10,110.0,138.83,28.83,1.83,2.31
8501,700,13,780.0,460.15,-319.85,13.0,7.67
34815,59,22,94.0,209.13,115.13,1.57,3.49
51754,403,30,820.0,418.5,-401.5,13.67,6.98
99807,63,17,85.0,181.93,96.93,1.42,3.03
95707,53,16,72.0,171.37,99.37,1.2,2.86
98917,40,3,70.0,89.57,19.57,1.17,1.49
57582,206,26,330.0,301.98,-28.02,5.5,5.03
66051,20,7,40.0,103.38,63.38,0.67,1.72
97315,33,17,56.0,167.73,111.73,0.93,2.8
22434,824,10,860.0,501.38,-358.62,14.33,8.36
97096,53,24,86.0,217.93,131.93,1.43,3.63
54416,82,18,150.0,196.74,46.74,2.5,3.28
56242,219,22,335.0,284.86,-50.14,5.58,4.75
54046,257,36,440.0,384.31,-55.69,7.33,6.41
99489,18,2,30.0,73.34,43.34,0.5,1.22
42008,47,16,90.0,168.53,78.53,1.5,2.81
66040,68,14,110.0,166.84,56.84,1.83,2.78
97623,15,10,28.0,118.47,90.47,0.47,1.97
18117,796,26,1015.0,581.24,-433.76,16.92,9.69
33422,20,9,43.0,115.02,72.02,0.72,1.92
32231,28,9,45.0,118.81,73.81,0.75,1.98
98336,38,2,65.0,82.81,17.81,1.08,1.38
17012,305,20,345.0,313.93,-31.07,5.75,5.23
40083,29,18,55.0,171.65,116.65,0.92,2.86
37229,39,17,60.0,170.57,110.57,1.0,2.84
58402,82,14,110.0,173.46,63.46,1.83,2.89
98504,28,2,48.0,78.07,30.07,0.8,1.3
96623,10,4,15.0,81.19,66.19,0.25,1.35
54037,120,17,205.0,208.91,3.91,3.42,3.48
37021,19,9,34.0,114.55,80.55,0.57,1.91
98761,10,2,20.0,69.56,49.56,0.33,1.16
33859,79,22,112.0,218.59,106.59,1.87,3.64
6050,857,20,990.0,575.19,-414.81,16.5,9.59
55336,81,10,135.0,149.71,14.71,2.25,2.5
75211,111,19,250.0,216.28,-33.72,4.17,3.6
12283,2636,11,1210.0,1364.85,154.85,20.17,22.75
56902,20,5,50.0,91.75,41.75,0.83,1.53
47153,37,22,90.0,198.72,108.72,1.5,3.31
37783,67,18,77.0,189.64,112.64,1.28,3.16
37278,39,17,63.0,170.57,107.57,1.05,2.84
33313,52,19,85.0,188.36,103.36,1.42,3.14
95418,67,10,70.0,143.09,73.09,1.17,2.38
74947,31,2,60.0,79.49,19.49,1.0,1.32
13151,1978,96,1285.0,1548.03,263.03,21.42,25.8
99487,18,2,28.0,73.34,45.34,0.47,1.22
99500,18,2,28.0,73.34,45.34,0.47,1.22
75207,169,23,375.0,267.01,-107.99,6.25,4.45
19303,262,18,335.0,281.93,-53.07,5.58,4.7
98530,28,2,48.0,78.07,30.07,0.8,1.3
40388,29,2,55.0,78.55,23.55,0.92,1.31
74661,25,4,40.0,88.29,48.29,0.67,1.47
34842,59,24,97.0,220.77,123.77,1.62,3.68
95324,6,2,12.0,67.66,55.66,0.2,1.13
97074,53,24,91.0,217.93,126.93,1.52,3.63
55518,68,9,180.0,137.74,-42.26,3.0,2.3
75902,101,14,195.0,182.46,-12.54,3.25,3.04
34154,30,11,55.0,131.39,76.39,0.92,2.19
22478,311,12,290.0,270.21,-19.79,4.83,4.5
54243,38,5,60.0,100.27,40.27,1.0,1.67
98361,38,2,63.0,82.81,19.81,1.05,1.38
37652,81,18,125.0,196.27,71.27,2.08,3.27
96518,32,5,37.0,97.43,60.43,0.62,1.62
75227,187,29,379.0,310.45,-68.55,6.32,5.17
97626,15,10,30.0,118.47,88.47,0.5,1.97
22936,787,12,855.0,495.51,-359.49,14.25,8.26
12740,708,12,670.0,458.12,-211.88,11.17,7.64
54406,92,13,175.0,172.38,-2.62,2.92,2.87
97056,20,8,31.0,109.2,78.2,0.52,1.82
40529,59,3,103.0,98.57,-4.43,1.72,1.64
74641,68,10,95.0,143.56,48.56,1.58,2.39
43213,46,19,75.0,185.52,110.52,1.25,3.09
55345,141,19,210.0,230.48,20.48,3.5,3.84
38033,5,3,15.0,73.01,58.01,0.25,1.22
50105,486,49,685.0,568.35,-116.65,11.42,9.47
99429,18,2,29.0,73.34,44.34,0.48,1.22
96343,6,4,13.0,79.3,66.3,0.22,1.32
2833,2332,29,1095.0,1325.7,230.7,18.25,22.1
37847,106,27,135.0,260.47,125.47,2.25,4.34
55764,108,15,180.0,191.59,11.59,3.0,3.19
37529,8,4,19.0,80.25,61.25,0.32,1.34
59037,206,30,400.0,325.26,-74.74,6.67,5.42
22165,656,11,705.0,427.69,-277.31,11.75,7.13
22681,499,12,545.0,359.2,-185.8,9.08,5.99
55009,108,17,170.0,203.23,33.23,2.83,3.39
14674,1653,58,800.0,1173.08,373.08,13.33,19.55
12253,2478,29,1140.0,1394.81,254.81,19.0,23.25
54373,150,21,295.0,246.38,-48.62,4.92,4.11
55081,150,16,370.0,217.29,-152.71,6.17,3.62
22982,919,28,970.0,651.09,-318.91,16.17,10.85
99426,18,2,29.0,73.34,44.34,0.48,1.22
8581,11,2,20.0,70.03,50.03,0.33,1.17
37276,39,17,66.0,170.57,104.57,1.1,2.84
96322,6,2,12.0,67.66,55.66,0.2,1.13
56726,161,17,240.0,228.31,-11.69,4.0,3.81
52463,156,28,405.0,289.95,-115.05,6.75,4.83
52467,162,30,455.0,304.43,-150.57,7.58,5.07
64912,71,17,125.0,185.71,60.71,2.08,3.1
6054,627,14,800.0,431.42,-368.58,13.33,7.19
98108,49,2,80.0,88.01,8.01,1.33,1.47
99247,20,2,32.0,74.29,42.29,0.53,1.24
99204,20,2,32.0,74.29,42.29,0.53,1.24
15043,341,11,605.0,278.59,-326.41,10.08,4.64
21126,643,17,885.0,456.45,-428.55,14.75,7.61
55539,267,44,685.0,435.6,-249.4,11.42,7.26
40666,59,2,100.0,92.75,-7.25,1.67,1.55
57124,381,44,615.0,489.55,-125.45,10.25,8.16
34354,29,9,42.0,119.28,77.28,0.7,1.99
22811,1717,14,1380.0,947.33,-432.67,23.0,15.79
37818,106,34,146.0,301.2,155.2,2.43,5.02
52267,54,6,135.0,113.66,-21.34,2.25,1.89
68072,40,9,65.0,124.49,59.49,1.08,2.07
41110,14,3,45.0,77.27,32.27,0.75,1.29
18452,686,25,905.0,523.35,-381.65,15.08,8.72
32245,28,9,45.0,118.81,73.81,0.75,1.98
98508,28,2,48.0,78.07,30.07,0.8,1.3
55077,112,22,235.0,234.21,-0.79,3.92,3.9
63294,118,18,131.0,213.78,82.78,2.18,3.56
33320,52,19,80.0,188.36,108.36,1.33,3.14
66528,34,5,45.0,98.37,53.37,0.75,1.64
56201,60,13,100.0,157.23,57.23,1.67,2.62
22473,1211,23,1315.0,760.2,-554.8,21.92,12.67
19259,2274,41,1290.0,1368.08,78.08,21.5,22.8
58012,441,45,670.0,523.77,-146.23,11.17,8.73
40154,29,2,55.0,78.55,23.55,0.92,1.31
11023,517,28,735.0,460.82,-274.18,12.25,7.68
43019,20,11,40.0,126.66,86.66,0.67,2.11
31332,55,21,88.0,201.42,113.42,1.47,3.36
38057,140,34,218.0,317.3,99.3,3.63,5.29
22887,1970,19,535.0,1096.17,561.17,8.92,18.27
19607,2000,30,1095.0,1174.38,79.38,18.25,19.57
41581,14,3,45.0,77.27,32.27,0.75,1.29
55135,131,20,295.0,231.57,-63.43,4.92,3.86
96213,14,5,20.0,88.91,68.91,0.33,1.48
66013,68,9,95.0,137.74,42.74,1.58,2.3
95722,44,6,50.0,108.92,58.92,0.83,1.82
77211,36,8,55.0,116.78,61.78,0.92,1.95
95724,53,8,61.0,124.82,63.82,1.02,2.08
33833,79,23,115.0,224.41,109.41,1.92,3.74
51151,108,8,200.0,150.85,-49.15,3.33,2.51
36856,94,29,125.0,266.43,141.43,2.08,4.44
43246,46,19,80.0,185.52,105.52,1.33,3.09
59318,54,8,90.0,125.3,35.3,1.5,2.09
11058,2029,91,1175.0,1543.07,368.07,19.58,25.72
41024,14,3,45.0,77.27,32.27,0.75,1.29
56825,358,28,575.0,385.56,-189.44,9.58,6.43
69192,95,17,175.0,197.07,22.07,2.92,3.28
12517,1027,14,1095.0,620.74,-474.26,18.25,10.35
12927,391,7,375.0,278.98,-96.02,6.25,4.65
16649,703,52,930.0,688.51,-241.49,15.5,11.48
54336,117,20,235.0,224.94,-10.06,3.92,3.75
12057,386,14,455.0,317.35,-137.65,7.58,5.29
51029,565,31,805.0,501.0,-304.0,13.42,8.35
56965,61,12,105.0,151.88,46.88,1.75,2.53
12265,577,3,550.0,343.74,-206.26,9.17,5.73
41545,14,3,45.0,77.27,32.27,0.75,1.29
59354,54,8,95.0,125.3,30.3,1.58,2.09
40508,59,3,115.0,98.57,-16.43,1.92,1.64
43656,37,10,100.0,128.89,28.89,1.67,2.15
41506,14,3,45.0,77.27,32.27,0.75,1.29
99103,23,2,39.0,75.71,36.71,0.65,1.26
13331,367,22,620.0,354.91,-265.09,10.33,5.92
36825,94,26,136.0,248.97,112.97,2.27,4.15
1442,1581,13,900.0,877.14,-22.86,15.0,14.62
56115,70,17,120.0,185.24,65.24,2.0,3.09
51452,121,16,195.0,203.56,8.56,3.25,3.39
30313,33,21,88.0,191.0,103.0,1.47,3.18
54390,24,3,50.0,82.0,32.0,0.83,1.37
33524,77,24,125.0,229.29,104.29,2.08,3.82
52260,205,16,410.0,243.32,-166.68,6.83,4.06
33839,79,24,113.0,230.23,117.23,1.88,3.84
16227,508,35,695.0,497.29,-197.71,11.58,8.29
66001,41,11,80.0,136.6,56.6,1.33,2.28
41594,14,3,45.0,77.27,32.27,0.75,1.29
75116,203,30,415.0,323.84,-91.16,6.92,5.4
12448,679,12,745.0,444.39,-300.61,12.42,7.41
97326,33,17,56.0,167.73,111.73,0.93,2.8
12466,906,29,995.0,650.76,-344.24,16.58,10.85
12465,905,29,975.0,650.28,-324.72,16.25,10.84
97402,33,17,57.0,167.73,110.73,0.95,2.8
55107,28,5,50.0,95.53,45.53,0.83,1.59
77403,161,12,235.0,199.22,-35.78,3.92,3.32
5865,426,53,725.0,563.23,-161.77,12.08,9.39
31584,15,2,38.0,71.92,33.92,0.63,1.2
33271,50,18,80.0,181.59,101.59,1.33,3.03
37018,19,9,38.0,114.55,76.55,0.63,1.91
99461,18,2,28.0,73.34,45.34,0.47,1.22
37411,34,12,50.0,139.11,89.11,0.83,2.32
12151,2089,24,710.0,1181.59,471.59,11.83,19.69
98147,49,2,77.0,88.01,11.01,1.28,1.47
43516,86,28,140.0,256.82,116.82,2.33,4.28
52472,215,34,610.0,352.79,-257.21,10.17,5.88
53641,53,9,145.0,130.64,-14.36,2.42,2.18
79436,109,15,170.0,192.06,22.06,2.83,3.2
69172,58,12,110.0,150.46,40.46,1.83,2.51
64206,73,13,105.0,163.38,58.38,1.75,2.72
15621,1901,25,725.0,1098.43,373.43,12.08,18.31
51755,86,11,175.0,157.9,-17.1,2.92,2.63
43128,31,14,59.0,149.32,90.32,0.98,2.49
74036,47,11,95.0,139.44,44.44,1.58,2.32
99251,20,2,32.0,74.29,42.29,0.53,1.24
59049,362,62,845.0,585.3,-259.7,14.08,9.75
63271,89,15,220.0,182.59,-37.41,3.67,3.04
54312,110,20,225.0,221.63,-3.37,3.75,3.69
37287,39,17,58.0,170.57,112.57,0.97,2.84
95336,6,2,13.0,67.66,54.66,0.22,1.13
12018,314,8,345.0,248.36,-96.64,5.75,4.14
12627,2386,36,910.0,1391.99,481.99,15.17,23.2
68715,127,17,150.0,212.22,62.22,2.5,3.54
31222,25,9,43.0,117.39,74.39,0.72,1.96
96121,46,9,51.0,127.33,76.33,0.85,2.12
16687,3663,63,1335.0,2153.53,818.53,22.25,35.89
74664,25,4,50.0,88.29,38.29,0.83,1.47
42603,47,17,95.0,174.35,79.35,1.58,2.91
33623,32,13,62.0,143.98,81.98,1.03,2.4
31602,76,24,101.0,228.81,127.81,1.68,3.81
31741,43,13,50.0,149.18,99.18,0.83,2.49
68733,97,15,140.0,186.38,46.38,2.33,3.11
75209,105,16,270.0,195.99,-74.01,4.5,3.27
67297,138,25,225.0,263.98,38.98,3.75,4.4
33730,32,9,42.0,120.7,78.7,0.7,2.01
40665,59,11,115.0,145.12,30.12,1.92,2.42
51972,123,13,165.0,187.05,22.05,2.75,3.12
51147,9,2,15.0,69.08,54.08,0.25,1.15
55358,141,19,225.0,230.48,5.48,3.75,3.84
12046,243,4,205.0,191.48,-13.52,3.42,3.19
43513,86,28,150.0,256.82,106.82,2.5,4.28
96212,14,3,20.0,77.27,57.27,0.33,1.29
51442,180,24,300.0,278.04,-21.96,5.0,4.63
58208,305,30,500.0,372.12,-127.88,8.33,6.2
22884,1504,28,420.0,927.98,507.98,7.0,15.47
77657,253,19,405.0,283.49,-121.51,6.75,4.72
43708,48,20,80.0,192.28,112.28,1.33,3.2
22843,966,22,1055.0,638.42,-416.58,17.58,10.64
1037,513,10,560.0,354.18,-205.82,9.33,5.9
93010,63,2,75.0,94.64,19.64,1.25,1.58
98563,28,2,48.0,78.07,30.07,0.8,1.3
97099,35,14,59.0,151.22,92.22,0.98,2.52
96519,32,7,35.0,109.06,74.06,0.58,1.82
55050,340,58,765.0,551.62,-213.38,12.75,9.19
99025,34,2,53.0,80.91,27.91,0.88,1.35
69188,114,14,170.0,188.61,18.61,2.83,3.14
97051,37,15,62.0,157.98,95.98,1.03,2.63
59840,85,11,140.0,157.43,17.43,2.33,2.62
64152,125,21,190.0,234.55,44.55,3.17,3.91
16502,1785,27,770.0,1055.16,285.16,12.83,17.59
98199,49,2,78.0,88.01,10.01,1.3,1.47
76836,75,18,135.0,193.43,58.43,2.25,3.22
63234,207,29,575.0,319.91,-255.09,9.58,5.33
33724,32,8,45.0,114.88,69.88,0.75,1.91
54881,118,8,130.0,155.59,25.59,2.17,2.59
34737,61,23,99.0,215.89,116.89,1.65,3.6
42411,82,21,135.0,214.2,79.2,2.25,3.57
37785,67,18,80.0,189.64,109.64,1.33,3.16
12798,707,24,770.0,527.47,-242.53,12.83,8.79
12560,745,4,725.0,429.08,-295.92,12.08,7.15
12460,447,17,480.0,363.68,-116.32,8.0,6.06
33538,77,24,129.0,229.29,100.29,2.15,3.82
54005,119,23,235.0,243.35,8.35,3.92,4.06
78818,104,11,155.0,166.42,11.42,2.58,2.77
77250,25,5,45.0,94.11,49.11,0.75,1.57
37845,106,30,140.0,277.93,137.93,2.33,4.63
42026,47,12,90.0,145.26,55.26,1.5,2.42
34352,28,10,42.0,124.63,82.63,0.7,2.08
17621,1148,28,1395.0,759.48,-635.52,23.25,12.66
12428,844,13,825.0,528.31,-296.69,13.75,8.81
35011,26,9,35.0,117.86,82.86,0.58,1.96
11001,348,12,435.0,287.73,-147.27,7.25,4.8
99462,18,2,28.0,73.34,45.34,0.47,1.22
40380,29,2,55.0,78.55,23.55,0.92,1.31
12937,2509,17,1165.0,1339.65,174.65,19.42,22.33
19041,1909,31,665.0,1137.13,472.13,11.08,18.95
98871,10,2,20.0,69.56,49.56,0.33,1.16
31839,102,19,132.0,212.02,80.02,2.2,3.53
59353,54,8,90.0,125.3,35.3,1.5,2.09
53029,217,42,535.0,400.29,-134.71,8.92,6.67
68091,51,9,83.0,129.69,46.69,1.38,2.16
51905,93,24,200.0,236.86,36.86,3.33,3.95
12975,2483,42,1195.0,1472.82,277.82,19.92,24.55
95606,10,2,16.0,69.56,53.56,0.27,1.16
41578,14,3,45.0,77.27,32.27,0.75,1.29
40120,29,2,55.0,78.55,23.55,0.92,1.31
77405,14,3,45.0,77.27,32.27,0.75,1.29
15657,977,33,1285.0,707.64,-577.36,21.42,11.79
98154,49,2,77.0,88.01,11.01,1.28,1.47
4854,42,6,60.0,107.98,47.98,1.0,1.8
75734,33,8,85.0,115.36,30.36,1.42,1.92
22110,1504,9,1200.0,817.42,-382.58,20.0,13.62
98363,38,2,63.0,82.81,19.81,1.05,1.38
57659,347,52,560.0,520.01,-39.99,9.33,8.67
77638,13,4,20.0,82.61,62.61,0.33,1.38
98524,28,2,49.0,78.07,29.07,0.82,1.3
52232,84,15,170.0,180.23,10.23,2.83,3.0
19167,1600,57,755.0,1142.17,387.17,12.58,19.04
12844,2141,43,855.0,1316.77,461.77,14.25,21.95
13063,403,12,695.0,313.76,-381.24,11.58,5.23
55909,102,13,160.0,177.11,17.11,2.67,2.95
68714,126,17,195.0,211.75,16.75,3.25,3.53
51458,20,2,45.0,74.29,29.29,0.75,1.24
12941,2308,32,1010.0,1331.8,321.8,16.83,22.2
12890,1893,24,630.0,1088.82,458.82,10.5,18.15
98025,49,2,77.0,88.01,11.01,1.28,1.47
12875,1911,42,650.0,1202.08,552.08,10.83,20.03
11021,1843,40,855.0,1158.26,303.26,14.25,19.3
33617,32,13,60.0,143.98,83.98,1.0,2.4
99439,18,2,28.0,73.34,45.34,0.47,1.22
37235,39,17,59.0,170.57,111.57,0.98,2.84
12362,2044,21,730.0,1142.84,412.84,12.17,19.05
12324,1426,9,1375.0,780.5,-594.5,22.92,13.01
63156,6,3,20.0,73.48,53.48,0.33,1.22
98193,49,2,78.0,88.01,10.01,1.3,1.47
22648,2508,55,1275.0,1560.3,285.3,21.25,26.0
22903,838,8,765.0,496.37,-268.63,12.75,8.27
14520,335,19,435.0,322.31,-112.69,7.25,5.37
17255,462,21,630.0,394.05,-235.95,10.5,6.57
97222,48,22,80.0,203.92,123.92,1.33,3.4
37364,81,23,140.0,225.36,85.36,2.33,3.76
12971,778,20,780.0,537.8,-242.2,13.0,8.96
51831,204,25,460.0,295.22,-164.78,7.67,4.92
68706,214,33,395.0,346.5,-48.5,6.58,5.78
14124,246,15,325.0,256.9,-68.1,5.42,4.28
57475,370,39,720.0,455.25,-264.75,12.0,7.59
12266,577,3,540.0,343.74,-196.26,9.0,5.73
47217,37,22,80.0,198.72,118.72,1.33,3.31
64552,135,19,255.0,227.64,-27.36,4.25,3.79
37655,81,28,112.0,254.46,142.46,1.87,4.24
96019,49,10,57.0,134.57,77.57,0.95,2.24
71907,148,22,230.0,251.25,21.25,3.83,4.19
55211,129,22,280.0,242.26,-37.74,4.67,4.04
74013,246,41,405.0,408.2,3.2,6.75,6.8
38034,5,3,15.0,73.01,58.01,0.25,1.22
15548,1963,20,720.0,1098.68,378.68,12.0,18.31
38054,68,14,95.0,166.84,71.84,1.58,2.78
55703,90,20,194.0,212.16,18.16,3.23,3.54
98364,28,2,48.0,78.07,30.07,0.8,1.3
5309,81,6,110.0,126.44,16.44,1.83,2.11
43841,52,17,80.0,176.72,96.72,1.33,2.95
51441,180,24,275.0,278.04,3.04,4.58,4.63
18189,159,9,170.0,180.81,10.81,2.83,3.01
55910,102,13,160.0,177.11,17.11,2.67,2.95
54753,126,18,190.0,217.56,27.56,3.17,3.63
37201,39,17,60.0,170.57,110.57,1.0,2.84
43230,46,19,85.0,185.52,100.52,1.42,3.09
98207,49,2,77.0,88.01,11.01,1.28,1.47
55769,90,20,225.0,212.16,-12.84,3.75,3.54
75911,40,8,85.0,118.67,33.67,1.42,1.98
19166,1945,72,1390.0,1392.75,2.75,23.17,23.21
56717,88,9,145.0,147.21,2.21,2.42,2.45
33846,79,24,117.0,230.23,113.23,1.95,3.84
43107,30,14,70.0,148.85,78.85,1.17,2.48
15618,332,14,525.0,291.79,-233.21,8.75,4.86
12401,1049,28,1180.0,712.62,-467.38,19.67,11.88
97045,44,17,72.0,172.93,100.93,1.2,2.88
12350,1206,13,1215.0,699.65,-515.35,20.25,11.66
58163,272,23,435.0,315.76,-119.24,7.25,5.26
16342,302,22,410.0,324.14,-85.86,6.83,5.4
47127,23,13,50.0,139.72,89.72,0.83,2.33
12935,251,10,260.0,230.18,-29.82,4.33,3.84
11055,1732,23,565.0,1006.8,441.8,9.42,16.78
95901,33,6,39.0,103.72,64.72,0.65,1.73
72206,35,6,90.0,104.66,14.66,1.5,1.74
37283,39,17,60.0,170.57,110.57,1.0,2.84
22904,838,8,795.0,496.37,-298.63,13.25,8.27
19422,1669,28,730.0,1006.08,276.08,12.17,16.77
54384,106,17,230.0,202.28,-27.72,3.83,3.37
16094,2083,46,1080.0,1306.77,226.77,18.0,21.78
40305,29,18,55.0,171.65,116.65,0.92,2.86
55237,50,9,110.0,129.22,19.22,1.83,2.15
79453,28,5,45.0,95.53,50.53,0.75,1.59
63279,93,20,175.0,213.58,38.58,2.92,3.56
55341,167,22,325.0,260.25,-64.75,5.42,4.34
53526,453,62,810.0,628.38,-181.62,13.5,10.47
15617,332,14,455.0,291.79,-163.21,7.58,4.86
37915,144,30,195.0,295.91,100.91,3.25,4.93
7757,314,6,315.0,236.72,-78.28,5.25,3.95
56655,131,22,200.0,243.21,43.21,3.33,4.05
33621,32,13,59.0,143.98,84.98,0.98,2.4
43126,31,14,70.0,149.32,79.32,1.17,2.49
15067,1896,26,875.0,1101.88,226.88,14.58,18.36
38823,128,24,180.0,253.43,73.43,3.0,4.22
54836,143,21,225.0,243.07,18.07,3.75,4.05
16505,1949,34,1095.0,1173.52,78.52,18.25,19.56
63226,225,39,445.0,386.62,-58.38,7.42,6.44
95124,46,7,51.0,115.69,64.69,0.85,1.93
74617,45,6,65.0,109.4,44.4,1.08,1.82
37329,57,21,90.0,202.36,112.36,1.5,3.37
55115,108,17,250.0,203.23,-46.77,4.17,3.39
98075,49,2,80.0,88.01,8.01,1.33,1.47
12011,268,6,245.0,214.95,-30.05,4.08,3.58
43023,20,11,50.0,126.66,76.66,0.83,2.11
99818,63,17,80.0,181.93,101.93,1.33,3.03
38421,71,24,113.0,226.45,113.45,1.88,3.77
55913,176,27,385.0,293.6,-91.4,6.42,4.89
57658,209,23,325.0,285.94,-39.06,5.42,4.77
98881,10,2,20.0,69.56,49.56,0.33,1.16
37926,144,44,198.0,377.38,179.38,3.3,6.29
58538,357,39,555.0,449.1,-105.9,9.25,7.48
54563,87,13,130.0,170.01,40.01,2.17,2.83
98052,49,2,77.0,88.01,11.01,1.28,1.47
54231,127,18,220.0,218.04,-1.96,3.67,3.63
31832,102,28,146.0,264.4,118.4,2.43,4.41
74601,49,6,95.0,111.29,16.29,1.58,1.85
66022,62,13,110.0,158.18,48.18,1.83,2.64
97013,35,13,58.0,145.4,87.4,0.97,2.42
34926,46,8,62.0,121.51,59.51,1.03,2.03
40141,29,18,55.0,171.65,116.65,0.92,2.86
31232,25,9,38.0,117.39,79.39,0.63,1.96
40662,59,3,105.0,98.57,-6.43,1.75,1.64
73427,45,11,90.0,138.49,48.49,1.5,2.31
37228,39,17,60.0,170.57,110.57,1.0,2.84
47119,25,13,45.0,140.66,95.66,0.75,2.34
43794,42,12,150.0,142.89,-7.11,2.5,2.38
98502,28,2,48.0,78.07,30.07,0.8,1.3
33513,77,29,126.0,258.38,132.38,2.1,4.31
77269,81,18,150.0,196.27,46.27,2.5,3.27
52940,154,20,285.0,242.46,-42.54,4.75,4.04
63151,6,3,20.0,73.48,53.48,0.33,1.22
95408,67,10,72.0,143.09,71.09,1.2,2.38
12197,484,11,525.0,346.28,-178.72,8.75,5.77
40001,29,18,55.0,171.65,116.65,0.92,2.86
41575,14,3,45.0,77.27,32.27,0.75,1.29
98118,49,2,79.0,88.01,9.01,1.32,1.47
31836,102,29,145.0,270.21,125.21,2.42,4.5
75738,33,8,90.0,115.36,25.36,1.5,1.92
99834,63,17,81.0,181.93,100.93,1.35,3.03
40057,29,18,55.0,171.65,116.65,0.92,2.86
32248,28,9,48.0,118.81,70.81,0.8,1.98
75723,208,19,250.0,262.2,12.2,4.17,4.37
34434,16,8,30.0,107.31,77.31,0.5,1.79
69107,99,20,190.0,216.42,26.42,3.17,3.61
7008,2033,28,1030.0,1178.36,148.36,17.17,19.64
55316,54,7,80.0,119.48,39.48,1.33,1.99
98125,49,2,77.0,88.01,11.01,1.28,1.47
47160,37,22,77.0,198.72,121.72,1.28,3.31
56310,71,14,120.0,168.26,48.26,2.0,2.8
12497,447,14,460.0,346.22,-113.78,7.67,5.77
40040,29,18,55.0,171.65,116.65,0.92,2.86
97641,15,10,28.0,118.47,90.47,0.47,1.97
47200,24,17,80.0,163.47,83.47,1.33,2.72
98875,10,2,20.0,69.56,49.56,0.33,1.16
34833,59,22,98.0,209.13,111.13,1.63,3.49
59835,169,20,295.0,249.56,-45.44,4.92,4.16
16053,148,8,215.0,169.79,-45.21,3.58,2.83
40003,29,18,55.0,171.65,116.65,0.92,2.86
14801,735,41,960.0,639.65,-320.35,16.0,10.66
78819,249,28,460.0,333.97,-126.03,7.67,5.57
22416,2083,21,685.0,1161.29,476.29,11.42,19.35
99001,34,2,53.0,80.91,27.91,0.88,1.35
93029,113,2,145.0,118.31,-26.69,2.42,1.97
42015,47,16,85.0,168.53,83.53,1.42,2.81
43248,46,19,80.0,185.52,105.52,1.33,3.09
99207,20,2,32.0,74.29,42.29,0.53,1.24
95103,46,9,53.0,127.33,74.33,0.88,2.12
12061,330,10,315.0,267.57,-47.43,5.25,4.46
63159,6,3,20.0,73.48,53.48,0.33,1.22
107,78,4,105.0,113.38,8.38,1.75,1.89
58009,226,36,380.0,369.64,-10.36,6.33,6.16
40617,59,2,112.0,92.75,-19.25,1.87,1.55
11403,1026,22,1380.0,666.82,-713.18,23.0,11.11
40664,59,2,100.0,92.75,-7.25,1.67,1.55
96104,46,7,51.0,115.69,64.69,0.85,1.93
37711,21,6,25.0,98.04,73.04,0.42,1.63
95207,14,5,20.0,88.91,68.91,0.33,1.48
31414,40,15,65.0,159.4,94.4,1.08,2.66
35019,26,9,35.0,117.86,82.86,0.58,1.96
34118,30,11,53.0,131.39,78.39,0.88,2.19
40559,59,3,97.0,98.57,1.57,1.62,1.64
40545,59,3,105.0,98.57,-6.43,1.75,1.64
16578,332,12,375.0,280.15,-94.85,6.25,4.67
51137,9,2,15.0,69.08,54.08,0.25,1.15
97011,53,24,90.0,217.93,127.93,1.5,3.63
13044,698,19,945.0,494.12,-450.88,15.75,8.24
17302,490,17,630.0,384.03,-245.97,10.5,6.4
53031,59,11,120.0,145.12,25.12,2.0,2.42
58414,202,43,345.0,399.01,54.01,5.75,6.65
99450,18,2,28.0,73.34,45.34,0.47,1.22
67266,143,17,200.0,219.79,19.79,3.33,3.66
51708,124,18,250.0,216.62,-33.38,4.17,3.61
12436,2454,26,1320.0,1365.99,45.99,22.0,22.77
68749,215,25,340.0,300.42,-39.58,5.67,5.01
97622,15,10,30.0,118.47,88.47,0.5,1.97
12718,350,13,365.0,294.49,-70.51,6.08,4.91
33618,32,13,60.0,143.98,83.98,1.0,2.4
47162,37,22,81.0,198.72,117.72,1.35,3.31
47181,37,22,80.0,198.72,118.72,1.33,3.31
59360,75,9,120.0,141.05,21.05,2.0,2.35
64417,28,10,75.0,124.63,49.63,1.25,2.08
14673,1650,58,1000.0,1171.66,171.66,16.67,19.53
93016,123,2,155.0,123.04,-31.96,2.58,2.05
90981,59,2,86.0,92.75,6.75,1.43,1.55
18425,810,28,1030.0,599.5,-430.5,17.17,9.99
74651,53,9,90.0,130.64,40.64,1.5,2.18
18410,503,21,580.0,413.46,-166.54,9.67,6.89
40119,29,18,55.0,171.65,116.65,0.92,2.86
14616,661,18,870.0,470.79,-399.21,14.5,7.85
12546,2045,21,805.0,1143.31,338.31,13.42,19.06
64097,11,6,35.0,93.3,58.3,0.58,1.56
13049,1908,111,1230.0,1602.18,372.18,20.5,26.7
97117,53,24,89.0,217.93,128.93,1.48,3.63
31415,40,15,63.0,159.4,96.4,1.05,2.66
97059,53,24,87.0,217.93,130.93,1.45,3.63
11089,1074,26,1390.0,712.82,-677.18,23.17,11.88
43127,25,8,70.0,111.57,41.57,1.17,1.86
96336,59,25,102.0,226.59,124.59,1.7,3.78
56704,94,11,135.0,161.69,26.69,2.25,2.69
22419,809,12,890.0,505.92,-384.08,14.83,8.43
12009,490,9,380.0,337.48,-42.52,6.33,5.62
56643,48,5,85.0,105.0,20.0,1.42,1.75
55110,28,5,55.0,95.53,40.53,0.92,1.59
15036,277,10,400.0,242.48,-157.52,6.67,4.04
79431,68,10,100.0,143.56,43.56,1.67,2.39
63591,137,21,190.0,240.23,50.23,3.17,4.0
54314,43,9,105.0,125.91,20.91,1.75,2.1
15112,222,14,315.0,239.73,-75.27,5.25,4.0
97104,53,24,90.0,217.93,127.93,1.5,3.63
37061,22,10,37.0,121.79,84.79,0.62,2.03
63514,105,14,110.0,184.35,74.35,1.83,3.07
66608,158,22,275.0,255.99,-19.01,4.58,4.27
16592,668,30,940.0,543.93,-396.07,15.67,9.07
22484,558,14,555.0,398.76,-156.24,9.25,6.65
15024,2473,24,1205.0,1363.34,158.34,20.08,22.72
98902,40,2,70.0,83.75,13.75,1.17,1.4
6047,849,19,970.0,565.59,-404.41,16.17,9.43
40400,29,2,55.0,78.55,23.55,0.92,1.31
96339,6,4,14.0,79.3,65.3,0.23,1.32
98507,19,2,29.0,73.82,44.82,0.48,1.23
15053,535,13,805.0,382.05,-422.95,13.42,6.37
30312,33,21,92.0,191.0,99.0,1.53,3.18
97364,33,17,58.0,167.73,109.73,0.97,2.8
12494,1501,10,1430.0,821.82,-608.18,23.83,13.7
33752,52,12,72.0,147.62,75.62,1.2,2.46
56650,273,40,465.0,415.16,-49.84,7.75,6.92
98702,10,2,21.0,69.56,48.56,0.35,1.16
55218,74,14,190.0,169.68,-20.32,3.17,2.83
40507,59,2,105.0,92.75,-12.25,1.75,1.55
42604,47,17,90.0,174.35,84.35,1.5,2.91
52964,63,8,150.0,129.56,-20.44,2.5,2.16
74657,45,8,78.0,121.04,43.04,1.3,2.02
14603,1568,33,630.0,987.37,357.37,10.5,16.46
16580,267,9,330.0,231.93,-98.07,5.5,3.87
53446,72,16,175.0,180.37,5.37,2.92,3.01
95919,33,9,51.0,121.17,70.17,0.85,2.02
57411,83,7,135.0,133.2,-1.8,2.25,2.22
53525,453,63,820.0,634.2,-185.8,13.67,10.57
34638,24,11,44.0,128.55,84.55,0.73,2.14
82665,668,15,369.0,456.64,87.64,6.15,7.61
19226,489,24,735.0,424.29,-310.71,12.25,7.07
34115,30,11,55.0,131.39,76.39,0.92,2.19
19713,1726,31,625.0,1050.51,425.51,10.42,17.51
12250,1426,7,1010.0,768.86,-241.14,16.83,12.81
35013,26,9,35.0,117.86,82.86,0.58,1.96
22954,490,27,535.0,442.22,-92.78,8.92,7.37
95314,6,2,12.0,67.66,55.66,0.2,1.13
22453,458,10,475.0,328.15,-146.85,7.92,5.47
56511,17,6,35.0,96.14,61.14,0.58,1.6
68717,48,10,55.0,134.09,79.09,0.92,2.23
32226,28,9,45.0,118.81,73.81,0.75,1.98
22902,945,16,1000.0,593.57,-406.43,16.67,9.89
59169,13,3,60.0,76.79,16.79,1.0,1.28
97383,33,17,57.0,167.73,110.73,0.95,2.8
79415,51,13,105.0,152.97,47.97,1.75,2.55
40391,29,18,55.0,171.65,116.65,0.92,2.86
37558,8,4,19.0,80.25,61.25,0.32,1.34
59715,215,28,300.0,317.88,17.88,5.0,5.3
13235,305,29,550.0,366.3,-183.7,9.17,6.1
56515,470,63,780.0,642.24,-137.76,13.0,10.7
13156,618,19,890.0,456.25,-433.75,14.83,7.6
63169,6,3,15.0,73.48,58.48,0.25,1.22
12514,2567,30,1300.0,1442.75,142.75,21.67,24.05
56374,22,3,35.0,81.05,46.05,0.58,1.35
3305,3,2,20.0,66.24,46.24,0.33,1.1
74038,11,3,25.0,75.85,50.85,0.42,1.26
98909,39,2,60.0,83.28,23.28,1.0,1.39
59346,44,6,55.0,108.92,53.92,0.92,1.82
47220,37,22,105.0,198.72,93.72,1.75,3.31
40404,29,2,55.0,78.55,23.55,0.92,1.31
55018,134,23,281.0,250.45,-30.55,4.68,4.17
53449,50,15,135.0,164.14,29.14,2.25,2.74
74030,89,14,155.0,176.78,21.78,2.58,2.95
52176,92,7,280.0,137.46,-142.54,4.67,2.29
43606,22,12,50.0,133.43,83.43,0.83,2.22
77244,46,9,90.0,127.33,37.33,1.5,2.12
14215,200,11,250.0,211.86,-38.14,4.17,3.53
55742,108,15,180.0,191.59,11.59,3.0,3.19
55566,139,19,305.0,229.54,-75.46,5.08,3.83
52944,154,17,235.0,225.0,-10.0,3.92,3.75
33653,47,17,80.0,174.35,94.35,1.33,2.91
14228,276,12,340.0,253.65,-86.35,5.67,4.23
55184,106,27,220.0,260.47,40.47,3.67,4.34
16313,338,27,455.0,370.28,-84.72,7.58,6.17
99252,20,2,32.0,74.29,42.29,0.53,1.24
12135,895,18,945.0,581.54,-363.46,15.75,9.69
55310,76,8,130.0,135.71,5.71,2.17,2.26
35014,26,9,35.0,117.86,82.86,0.58,1.96
98824,10,2,21.0,69.56,48.56,0.35,1.16
64202,73,13,120.0,163.38,43.38,2.0,2.72
58024,162,26,360.0,281.16,-78.84,6.0,4.69
77218,81,18,165.0,196.27,31.27,2.75,3.27
98002,49,2,77.0,88.01,11.01,1.28,1.47
12340,259,13,270.0,251.42,-18.58,4.5,4.19
12930,344,19,375.0,326.57,-48.43,6.25,5.44
51814,295,39,470.0,419.75,-50.25,7.83,7.0
95601,10,4,16.0,81.19,65.19,0.27,1.35
13147,692,24,845.0,520.37,-324.63,14.08,8.67
22963,780,18,835.0,527.11,-307.89,13.92,8.79
75114,156,24,365.0,266.68,-98.32,6.08,4.44
42420,82,21,125.0,214.2,89.2,2.08,3.57
22682,498,11,530.0,352.9,-177.1,8.83,5.88
7075,554,17,610.0,414.32,-195.68,10.17,6.91
19416,1718,31,815.0,1046.73,231.73,13.58,17.45
22388,270,16,295.0,274.08,-20.92,4.92,4.57
97201,48,22,78.0,203.92,125.92,1.3,3.4
7435,555,14,720.0,397.34,-322.66,12.0,6.62
16382,2132,62,1320.0,1423.07,103.07,22.0,23.72
56281,198,27,315.0,304.01,-10.99,5.25,5.07
36843,94,28,134.0,260.61,126.61,2.23,4.34
98522,28,2,48.0,78.07,30.07,0.8,1.3
59482,40,6,55.0,107.03,52.03,0.92,1.78
12569,1238,23,1220.0,772.98,-447.02,20.33,12.88
40073,29,18,55.0,171.65,116.65,0.92,2.86
53026,59,11,130.0,145.12,15.12,2.17,2.42
56315,72,14,120.0,168.73,48.73,2.0,2.81
54393,53,9,130.0,130.64,0.64,2.17,2.18
12472,2019,26,535.0,1160.1,625.1,8.92,19.33
96309,6,4,13.0,79.3,66.3,0.22,1.32
41579,14,3,45.0,77.27,32.27,0.75,1.29
18108,644,13,810.0,433.65,-376.35,13.5,7.23
55685,60,12,175.0,151.41,-23.59,2.92,2.52
74982,80,13,120.0,166.7,46.7,2.0,2.78
59380,74,7,110.0,128.94,18.94,1.83,2.15
97398,33,17,58.0,167.73,109.73,0.97,2.8
53137,82,13,115.0,167.64,52.64,1.92,2.79
98138,49,2,78.0,88.01,10.01,1.3,1.47
31911,119,36,162.0,318.99,156.99,2.7,5.32
37350,57,21,100.0,202.36,102.36,1.67,3.37
15026,823,11,1065.0,506.73,-558.27,17.75,8.45
71910,136,15,225.0,204.84,-20.16,3.75,3.41
12567,219,9,240.0,209.21,-30.79,4.0,3.49
22137,961,14,1015.0,589.5,-425.5,16.92,9.82
47176,37,22,84.0,198.72,114.72,1.4,3.31
99029,34,2,53.0,80.91,27.91,0.88,1.35
40068,29,18,55.0,171.65,116.65,0.92,2.86
95702,53,17,80.0,177.19,97.19,1.33,2.95
13169,569,27,985.0,479.61,-505.39,16.42,7.99
16350,66,9,80.0,136.79,56.79,1.33,2.28
97308,33,17,56.0,167.73,111.73,0.93,2.8
55369,55,7,100.0,119.95,19.95,1.67,2.0
57133,366,42,585.0,470.82,-114.18,9.75,7.85
58712,50,8,130.0,123.4,-6.6,2.17,2.06
98358,38,2,63.0,82.81,19.81,1.05,1.38
40501,59,2,100.0,92.75,-7.25,1.67,1.55
13145,473,20,680.0,393.44,-286.56,11.33,6.56
74833,313,29,390.0,370.08,-19.92,6.5,6.17
43439,68,14,125.0,166.84,41.84,2.08,2.78
12279,385,11,405.0,299.42,-105.58,6.75,4.99
74634,89,12,125.0,165.14,40.14,2.08,2.75
53035,87,18,255.0,199.11,-55.89,4.25,3.32
19602,2232,29,1180.0,1278.37,98.37,19.67,21.31
71909,136,15,205.0,204.84,-0.16,3.42,3.41
37247,39,17,58.0,170.57,112.57,0.97,2.84
40311,29,18,55.0,171.65,116.65,0.92,2.86
22651,669,19,800.0,480.39,-319.61,13.33,8.01
56381,100,11,145.0,164.52,19.52,2.42,2.74
16603,620,32,820.0,532.85,-287.15,13.67,8.88
95206,14,3,19.0,77.27,58.27,0.32,1.29
2195,551,10,580.0,372.17,-207.83,9.67,6.2
98777,10,2,20.0,69.56,49.56,0.33,1.16
58214,433,48,720.0,537.44,-182.56,12.0,8.96
18420,998,24,1330.0,665.21,-664.79,22.17,11.09
97034,53,24,89.0,217.93,128.93,1.48,3.63
59215,52,7,80.0,118.53,38.53,1.33,1.98
64088,7,4,27.0,79.77,52.77,0.45,1.33
32225,28,9,43.0,118.81,75.81,0.72,1.98
14650,1669,58,800.0,1180.65,380.65,13.33,19.68
12555,952,15,1045.0,591.06,-453.94,17.42,9.85
55554,139,23,265.0,252.81,-12.19,4.42,4.21
14211,188,18,260.0,246.91,-13.09,4.33,4.12
34553,45,17,75.0,173.41,98.41,1.25,2.89
16090,213,16,255.0,247.1,-7.9,4.25,4.12
74953,87,17,185.0,193.29,8.29,3.08,3.22
98826,10,2,22.0,69.56,47.56,0.37,1.16
51411,229,29,390.0,330.33,-59.67,6.5,5.51
99902,34,12,50.0,139.11,89.11,0.83,2.32
51436,145,19,260.0,232.38,-27.62,4.33,3.87
40385,29,18,55.0,171.65,116.65,0.92,2.86
57548,435,47,755.0,532.57,-222.43,12.58,8.88
56363,173,33,310.0,327.1,17.1,5.17,5.45
14629,123,9,155.0,163.77,8.77,2.58,2.73
33838,79,24,113.0,230.23,117.23,1.88,3.84
56378,43,6,65.0,108.45,43.45,1.08,1.81
12304,1517,25,1400.0,916.68,-483.32,23.33,15.28
16629,631,54,930.0,666.07,-263.93,15.5,11.1
98551,28,2,48.0,78.07,30.07,0.8,1.3
12831,725,12,860.0,466.16,-393.84,14.33,7.77
96636,10,2,15.0,69.56,54.56,0.25,1.16
16179,394,13,500.0,315.32,-184.68,8.33,5.26
43612,22,12,55.0,133.43,78.43,0.92,2.22
58131,520,78,930.0,753.19,-176.81,15.5,12.55
66303,142,25,210.0,265.87,55.87,3.5,4.43
96225,14,5,20.0,88.91,68.91,0.33,1.48
51190,609,64,1210.0,713.85,-496.15,20.17,11.9
40652,59,2,105.0,92.75,-12.25,1.75,1.55
64062,57,13,115.0,155.81,40.81,1.92,2.6
99805,63,17,85.0,181.93,96.93,1.42,3.03
78052,113,26,165.0,257.96,92.96,2.75,4.3
17401,466,21,610.0,395.95,-214.05,10.17,6.6
32212,28,9,45.0,118.81,73.81,0.75,1.98
96326,6,2,12.0,67.66,55.66,0.2,1.13
75010,98,18,140.0,204.31,64.31,2.33,3.41
95738,53,14,75.0,159.74,84.74,1.25,2.66
58002,518,90,960.0,822.08,-137.92,16.0,13.7
93015,123,2,172.0,123.04,-48.96,2.87,2.05
56108,85,7,120.0,134.15,14.15,2.0,2.24
57516,581,58,905.0,665.68,-239.32,15.08,11.09
34855,59,22,99.0,209.13,110.13,1.65,3.49
13346,208,9,435.0,204.0,-231.0,7.25,3.4
68735,135,18,150.0,221.82,71.82,2.5,3.7
57503,114,16,210.0,200.25,-9.75,3.5,3.34
98024,49,2,77.0,88.01,11.01,1.28,1.47
14042,338,20,670.0,329.54,-340.46,11.17,5.49
40514,59,3,92.0,98.57,6.57,1.53,1.64
40032,29,18,55.0,171.65,116.65,0.92,2.86
68707,48,10,60.0,134.09,74.09,1.0,2.23
56037,196,18,260.0,250.7,-9.3,4.33,4.18
40758,108,4,170.0,127.58,-42.42,2.83,2.13
55025,152,25,280.0,270.6,-9.4,4.67,4.51
35020,26,9,35.0,117.86,82.86,0.58,1.96
64002,88,18,138.0,199.58,61.58,2.3,3.33
63212,177,29,365.0,305.71,-59.29,6.08,5.1
59393,397,50,610.0,532.04,-77.96,10.17,8.87
97381,33,17,56.0,167.73,111.73,0.93,2.8
37220,39,17,65.0,170.57,105.57,1.08,2.84
11025,545,19,700.0,421.7,-278.3,11.67,7.03
63245,91,17,180.0,195.18,15.18,3.0,3.25
12445,654,11,710.0,426.74,-283.26,11.83,7.11
40345,29,18,55.0,171.65,116.65,0.92,2.86
97230,48,22,80.0,203.92,123.92,1.33,3.4
14203,301,14,350.0,277.12,-72.88,5.83,4.62
34914,46,8,65.0,121.51,56.51,1.08,2.03
54262,57,11,120.0,144.17,24.17,2.0,2.4
12468,699,22,755.0,512.05,-242.95,12.58,8.53
53327,56,12,125.0,149.52,24.52,2.08,2.49
12791,1843,29,535.0,1094.25,559.25,8.92,18.24
11008,191,11,242.0,207.6,-34.4,4.03,3.46
32412,39,13,67.0,147.29,80.29,1.12,2.45
33731,32,8,45.0,114.88,69.88,0.75,1.91
4769,67,10,105.0,143.09,38.09,1.75,2.38
52956,133,12,230.0,185.96,-44.04,3.83,3.1
30612,46,24,143.0,214.61,71.61,2.38,3.58
57134,366,38,630.0,447.54,-182.46,10.5,7.46
12668,722,11,745.0,458.93,-286.07,12.42,7.65
56711,145,26,300.0,273.11,-26.89,5.0,4.55
37236,39,17,62.0,170.57,108.57,1.03,2.84
64462,164,32,250.0,317.02,67.02,4.17,5.28
53131,571,70,1105.0,730.78,-374.22,18.42,12.18
98213,49,2,77.0,88.01,11.01,1.28,1.47
31514,96,29,139.0,267.37,128.37,2.32,4.46
68057,39,7,50.0,112.38,62.38,0.83,1.87
11004,504,21,715.0,413.93,-301.07,11.92,6.9
43419,73,27,120.0,244.85,124.85,2.0,4.08
51704,121,17,215.0,209.38,-5.62,3.58,3.49
17225,693,26,935.0,532.49,-402.51,15.58,8.87
38103,32,13,61.0,143.98,82.98,1.02,2.4
12235,2446,26,1180.0,1362.2,182.2,19.67,22.7
12803,2076,21,530.0,1157.98,627.98,8.83,19.3
40107,29,18,55.0,171.65,116.65,0.92,2.86
34537,45,16,72.0,167.59,95.59,1.2,2.79
22854,880,16,915.0,562.8,-352.2,15.25,9.38
98382,38,2,63.0,82.81,19.81,1.05,1.38
74616,45,6,55.0,109.4,54.4,0.92,1.82
31330,55,21,90.0,201.42,111.42,1.5,3.36
95607,10,4,15.0,81.19,66.19,0.25,1.35
19328,302,16,405.0,289.23,-115.77,6.75,4.82
99105,23,2,40.0,75.71,35.71,0.67,1.26
12079,470,11,445.0,339.65,-105.35,7.42,5.66
40515,59,2,100.0,92.75,-7.25,1.67,1.55
95407,67,12,73.0,154.72,81.72,1.22,2.58
64421,25,6,45.0,99.93,54.93,0.75,1.67
95905,33,5,41.0,97.9,56.9,0.68,1.63
67249,113,16,175.0,199.77,24.77,2.92,3.33
97362,33,17,59.0,167.73,108.73,0.98,2.8
40075,29,18,55.0,171.65,116.65,0.92,2.86
34791,108,23,162.0,238.14,76.14,2.7,3.97
98106,49,2,78.0,88.01,10.01,1.3,1.47
12110,260,10,283.0,234.44,-48.56,4.72,3.91
34837,59,24,98.0,220.77,122.77,1.63,3.68
40642,59,2,105.0,92.75,-12.25,1.75,1.55
58659,160,21,330.0,251.11,-78.89,5.5,4.19
57561,623,88,1090.0,860.13,-229.87,18.17,14.34
97076,53,24,89.0,217.93,128.93,1.48,3.63
43233,46,19,80.0,185.52,105.52,1.33,3.09
16301,327,30,485.0,382.53,-102.47,8.08,6.38
12482,409,15,460.0,334.05,-125.95,7.67,5.57
13120,1627,91,1000.0,1352.8,352.8,16.67,22.55
34915,46,8,65.0,121.51,56.51,1.08,2.03
12006,268,5,245.0,209.13,-35.87,4.08,3.49
12040,283,8,340.0,233.68,-106.32,5.67,3.89
63243,94,26,180.0,248.97,68.97,3.0,4.15
40066,29,18,55.0,171.65,116.65,0.92,2.86
18215,1906,26,755.0,1106.61,351.61,12.58,18.44
18517,726,31,900.0,577.2,-322.8,15.0,9.62
33853,79,24,113.0,230.23,117.23,1.88,3.84
42012,47,15,100.0,162.72,62.72,1.67,2.71
74807,14,2,30.0,71.45,41.45,0.5,1.19
22629,1758,26,440.0,1036.56,596.56,7.33,17.28
97307,33,17,56.0,167.73,111.73,0.93,2.8
31336,55,21,91.0,201.42,110.42,1.52,3.36
37274,39,17,65.0,170.57,105.57,1.08,2.84
96114,99,30,141.0,274.61,133.61,2.35,4.58
11034,1953,30,920.0,1152.14,232.14,15.33,19.2
15038,247,20,335.0,286.47,-48.53,5.58,4.77
37252,39,17,64.0,170.57,106.57,1.07,2.84
73454,56,10,105.0,137.88,32.88,1.75,2.3
33612,32,13,58.0,143.98,85.98,0.97,2.4
98528,28,2,48.0,78.07,30.07,0.8,1.3
73430,47,14,87.0,156.9,69.9,1.45,2.62
31533,96,27,140.0,255.74,115.74,2.33,4.26
41006,14,3,45.0,77.27,32.27,0.75,1.29
52942,154,12,220.0,195.9,-24.1,3.67,3.26
52571,30,5,225.0,96.48,-128.52,3.75,1.61
40408,29,2,55.0,78.55,23.55,0.92,1.31
40102,29,2,55.0,78.55,23.55,0.92,1.31
95416,67,10,71.0,143.09,72.09,1.18,2.38
31615,76,24,110.0,228.81,118.81,1.83,3.81
56961,61,11,110.0,146.07,36.07,1.83,2.43
12116,457,15,485.0,356.77,-128.23,8.08,5.95
40104,29,2,55.0,78.55,23.55,0.92,1.31
41108,14,3,45.0,77.27,32.27,0.75,1.29
15050,882,27,1225.0,627.76,-597.24,20.42,10.46
67248,103,18,155.0,206.68,51.68,2.58,3.44
74931,117,18,200.0,213.3,13.3,3.33,3.56
12154,820,10,790.0,499.49,-290.51,13.17,8.32
51864,13,2,35.0,70.98,35.98,0.58,1.18
22973,2436,38,1200.0,1427.3,227.3,20.0,23.79
12176,1292,31,1410.0,845.09,-564.91,23.5,14.08
16304,219,19,310.0,267.4,-42.6,5.17,4.46
40022,29,18,55.0,171.65,116.65,0.92,2.86
56206,25,7,50.0,105.75,55.75,0.83,1.76
56005,62,6,100.0,117.44,17.44,1.67,1.96
55365,55,9,120.0,131.59,11.59,2.0,2.19
12729,658,13,720.0,440.27,-279.73,12.0,7.34
56225,69,14,125.0,167.31,42.31,2.08,2.79
68008,147,14,157.0,204.23,47.23,2.62,3.4
56612,66,12,100.0,154.25,54.25,1.67,2.57
40556,59,3,105.0,98.57,-6.43,1.75,1.64
99005,34,2,53.0,80.91,27.91,0.88,1.35
12123,191,5,195.0,172.68,-22.32,3.25,2.88
41060,14,3,45.0,77.27,32.27,0.75,1.29
51685,32,5,50.0,97.43,47.43,0.83,1.62
12114,895,9,910.0,529.17,-380.83,15.17,8.82
18235,720,67,1190.0,783.85,-406.15,19.83,13.06
43005,20,11,45.0,126.66,81.66,0.75,2.11
34355,29,7,37.0,107.64,70.64,0.62,1.79
63582,111,19,147.0,216.28,69.28,2.45,3.6
68004,214,23,257.0,288.31,31.31,4.28,4.81
12129,2026,30,585.0,1186.69,601.69,9.75,19.78
78512,16,4,40.0,84.03,44.03,0.67,1.4
74983,80,13,115.0,166.7,51.7,1.92,2.78
68750,215,25,345.0,300.42,-44.58,5.75,5.01
68089,155,20,160.0,242.93,82.93,2.67,4.05
43861,51,13,100.0,152.97,52.97,1.67,2.55
99477,18,2,28.0,73.34,45.34,0.47,1.22
63572,131,20,250.0,231.57,-18.43,4.17,3.86
51421,769,83,1210.0,900.14,-309.86,20.17,15.0
56371,96,17,155.0,197.55,42.55,2.58,3.29
51261,104,11,175.0,166.42,-8.58,2.92,2.77
41547,14,3,45.0,77.27,32.27,0.75,1.29
97602,15,10,30.0,118.47,88.47,0.5,1.97
36853,94,30,130.0,272.25,142.25,2.17,4.54
98907,39,2,59.0,83.28,24.28,0.98,1.39
14213,254,12,360.0,243.23,-116.77,6.0,4.05
97425,33,17,55.0,167.73,112.73,0.92,2.8
64494,46,8,75.0,121.51,46.51,1.25,2.03
77611,13,11,35.0,123.35,88.35,0.58,2.06
16187,591,29,870.0,501.66,-368.34,14.5,8.36
33720,32,8,45.0,114.88,69.88,0.75,1.91
40616,59,2,115.0,92.75,-22.25,1.92,1.55
57278,220,34,315.0,355.16,40.16,5.25,5.92
15651,2344,43,1405.0,1412.85,7.85,23.42,23.55
30142,128,42,193.0,358.17,165.17,3.22,5.97
53016,72,16,140.0,180.37,40.37,2.33,3.01
40626,59,2,105.0,92.75,-12.25,1.75,1.55
12442,1483,10,1215.0,813.3,-401.7,20.25,13.56
58405,82,11,95.0,156.01,61.01,1.58,2.6
54558,53,7,80.0,119.0,39.0,1.33,1.98
41522,14,3,45.0,77.27,32.27,0.75,1.29
54484,22,5,70.0,92.69,22.69,1.17,1.54
78515,16,4,40.0,84.03,44.03,0.67,1.4
42701,35,11,70.0,133.76,63.76,1.17,2.23
74854,47,8,70.0,121.98,51.98,1.17,2.03
18048,2125,45,930.0,1320.83,390.83,15.5,22.01
37022,19,9,36.0,114.55,78.55,0.6,1.91
54622,115,18,200.0,212.36,12.36,3.33,3.54
51405,212,24,345.0,293.18,-51.82,5.75,4.89
15669,250,7,325.0,212.25,-112.75,5.42,3.54
32221,28,9,43.0,118.81,75.81,0.72,1.98
98535,28,2,47.0,78.07,31.07,0.78,1.3
14717,751,14,975.0,490.11,-484.89,16.25,8.17
47218,37,22,85.0,198.72,113.72,1.42,3.31
12867,1922,17,560.0,1061.81,501.81,9.33,17.7
12431,2841,19,1045.0,1508.43,463.43,17.42,25.14
37307,44,17,70.0,172.93,102.93,1.17,2.88
64559,180,28,350.0,301.31,-48.69,5.83,5.02
56274,303,36,435.0,406.08,-28.92,7.25,6.77
33656,47,17,76.0,174.35,98.35,1.27,2.91
22118,730,10,785.0,456.89,-328.11,13.08,7.61
47149,37,22,82.0,198.72,116.72,1.37,3.31
77256,144,14,180.0,202.81,22.81,3.0,3.38
15276,109,8,220.0,151.33,-68.67,3.67,2.52
12710,650,17,620.0,459.76,-160.24,10.33,7.66
43212,46,19,80.0,185.52,105.52,1.33,3.09
96619,10,4,15.0,81.19,66.19,0.25,1.35
34645,24,11,45.0,128.55,83.55,0.75,2.14
78033,147,19,210.0,233.32,23.32,3.5,3.89
99235,20,2,32.0,74.29,42.29,0.53,1.24
95001,49,10,56.0,134.57,78.57,0.93,2.24
98129,49,2,77.0,88.01,11.01,1.28,1.47
75735,33,8,90.0,115.36,25.36,1.5,1.92
18697,314,27,490.0,358.92,-131.08,8.17,5.98
54542,194,28,425.0,307.94,-117.06,7.08,5.13
43934,84,16,170.0,186.05,16.05,2.83,3.1
12289,841,4,665.0,474.52,-190.48,11.08,7.91
15267,1924,24,790.0,1103.5,313.5,13.17,18.39
43765,57,14,135.0,161.63,26.63,2.25,2.69
12072,422,7,465.0,293.66,-171.34,7.75,4.89
69111,128,23,190.0,247.61,57.61,3.17,4.13
95504,32,5,37.0,97.43,60.43,0.62,1.62
24227,349,15,410.0,305.66,-104.34,6.83,5.09
33657,47,17,78.0,174.35,96.35,1.3,2.91
95142,46,7,50.0,115.69,65.69,0.83,1.93
36850,94,29,122.0,266.43,144.43,2.03,4.44
41600,14,3,45.0,77.27,32.27,0.75,1.29
1045,563,11,590.0,383.67,-206.33,9.83,6.39
59317,54,8,95.0,125.3,30.3,1.58,2.09
64165,78,11,120.0,154.11,34.11,2.0,2.57
51149,9,2,15.0,69.08,54.08,0.25,1.15
40365,29,18,55.0,171.65,116.65,0.92,2.86
5866,425,53,705.0,562.75,-142.25,11.75,9.38
98035,49,2,78.0,88.01,10.01,1.3,1.47
52912,134,14,235.0,198.07,-36.93,3.92,3.3
97001,35,14,56.0,151.22,95.22,0.93,2.52
34881,43,17,65.0,172.46,107.46,1.08,2.87
97050,44,17,72.0,172.93,100.93,1.2,2.88
68075,29,5,35.0,96.01,61.01,0.58,1.6
54465,142,21,250.0,242.59,-7.41,4.17,4.04
75009,127,22,200.0,241.31,41.31,3.33,4.02
11057,2026,90,1020.0,1535.83,515.83,17.0,25.6
12554,1170,21,1285.0,729.16,-555.84,21.42,12.15
31755,43,13,50.0,149.18,99.18,0.83,2.49
33536,77,29,137.0,258.38,121.38,2.28,4.31
40532,59,11,108.0,145.12,37.12,1.8,2.42
55823,6,4,40.0,79.3,39.3,0.67,1.32
37306,33,13,65.0,144.45,79.45,1.08,2.41
30154,53,21,95.0,200.47,105.47,1.58,3.34
98012,49,2,77.0,88.01,11.01,1.28,1.47
58015,284,28,335.0,350.54,15.54,5.58,5.84
52255,205,19,435.0,260.78,-174.22,7.25,4.35
59603,306,39,610.0,424.96,-185.04,10.17,7.08
96516,32,5,37.0,97.43,60.43,0.62,1.62
14102,208,13,300.0,227.28,-72.72,5.0,3.79
31328,55,21,88.0,201.42,113.42,1.47,3.36
74970,77,15,135.0,176.91,41.91,2.25,2.95
58419,239,36,380.0,375.79,-4.21,6.33,6.26
41055,14,3,45.0,77.27,32.27,0.75,1.29
57256,168,23,270.0,266.54,-3.46,4.5,4.44
64903,158,27,275.0,285.08,10.08,4.58,4.75
51189,610,64,1330.0,714.32,-615.68,22.17,11.91
35016,26,9,35.0,117.86,82.86,0.58,1.96
82666,663,15,368.0,454.28,86.28,6.13,7.57
40412,29,2,55.0,78.55,23.55,0.92,1.31
78504,165,28,220.0,294.21,74.21,3.67,4.9
56216,294,34,435.0,390.19,-44.81,7.25,6.5
72172,18,4,35.0,84.98,49.98,0.58,1.42
34899,39,16,70.0,164.75,94.75,1.17,2.75
96511,32,7,35.0,109.06,74.06,0.58,1.82
22650,393,18,425.0,343.94,-81.06,7.08,5.73
99821,63,17,85.0,181.93,96.93,1.42,3.03
40399,29,18,55.0,171.65,116.65,0.92,2.86
34812,59,15,86.0,168.4,82.4,1.43,2.81
53643,18,4,60.0,84.98,24.98,1.0,1.42
59234,169,20,230.0,249.56,19.56,3.83,4.16
43029,20,7,50.0,103.38,53.38,0.83,1.72
38306,58,20,90.0,197.02,107.02,1.5,3.28
56664,119,22,205.0,237.53,32.53,3.42,3.96
51111,56,9,75.0,132.06,57.06,1.25,2.2
34113,30,11,57.0,131.39,74.39,0.95,2.19
30211,9,8,29.0,104.0,75.0,0.48,1.73
59226,201,25,305.0,293.8,-11.2,5.08,4.9
17310,662,18,905.0,471.26,-433.74,15.08,7.85
12628,2389,35,985.0,1387.6,402.6,16.42,23.13
56110,141,22,240.0,247.94,7.94,4.0,4.13
99030,34,2,53.0,80.91,27.91,0.88,1.35
22959,556,21,610.0,438.55,-171.45,10.17,7.31
74655,45,8,82.0,121.04,39.04,1.37,2.02
9006,1376,4,965.0,727.74,-237.26,16.08,12.13
96334,6,2,12.0,67.66,55.66,0.2,1.13
53484,11,2,25.0,70.03,45.03,0.42,1.17
38902,44,17,75.0,172.93,97.93,1.25,2.88
95236,14,3,19.0,77.27,58.27,0.32,1.29
59720,215,28,320.0,317.88,-2.12,5.33,5.3
34519,45,17,80.0,173.41,93.41,1.33,2.89
96117,46,9,51.0,127.33,76.33,0.85,2.12
68708,34,11,60.0,133.29,73.29,1.0,2.22
40368,29,2,55.0,78.55,23.55,0.92,1.31
54045,257,34,550.0,372.67,-177.33,9.17,6.21
22609,404,14,440.0,325.87,-114.13,7.33,5.43
7146,763,16,810.0,507.43,-302.57,13.5,8.46
97374,33,17,58.0,167.73,109.73,0.97,2.8
56647,90,11,140.0,159.79,19.79,2.33,2.66
97243,48,22,79.0,203.92,124.92,1.32,3.4
75008,220,24,390.0,296.97,-93.03,6.5,4.95
14712,471,21,560.0,398.31,-161.69,9.33,6.64
32217,28,9,47.0,118.81,71.81,0.78,1.98
33613,32,13,60.0,143.98,83.98,1.0,2.4
98784,10,2,20.0,69.56,49.56,0.33,1.16
12424,2423,22,950.0,1328.04,378.04,15.83,22.13
54381,106,17,225.0,202.28,-22.72,3.75,3.37
16093,2086,47,925.0,1314.01,389.01,15.42,21.9
19024,1762,97,875.0,1451.61,576.61,14.58,24.19
42602,47,17,85.0,174.35,89.35,1.42,2.91
75730,166,16,265.0,224.86,-40.14,4.42,3.75
34528,45,17,75.0,173.41,98.41,1.25,2.89
64108,82,15,150.0,179.28,29.28,2.5,2.99
56724,161,17,230.0,228.31,-1.69,3.83,3.81
64204,73,13,115.0,163.38,48.38,1.92,2.72
55720,49,8,130.0,122.93,-7.07,2.17,2.05
97316,33,17,56.0,167.73,111.73,0.93,2.8
68077,40,9,75.0,124.49,49.49,1.25,2.07
53068,111,19,155.0,216.28,61.28,2.58,3.6
78012,72,11,110.0,151.27,41.27,1.83,2.52
64453,88,18,130.0,199.58,69.58,2.17,3.33
55046,90,13,195.0,171.43,-23.57,3.25,2.86
30111,45,23,124.0,208.32,84.32,2.07,3.47
76837,127,11,215.0,177.3,-37.7,3.58,2.96
59730,213,25,310.0,299.48,-10.52,5.17,4.99
68689,117,18,153.0,213.3,60.3,2.55,3.56
77606,40,17,75.0,171.04,96.04,1.25,2.85
75906,101,14,195.0,182.46,-12.54,3.25,3.04
64018,11,6,37.0,93.3,56.3,0.62,1.56
56103,40,4,65.0,95.39,30.39,1.08,1.59
51885,152,18,230.0,229.87,-0.13,3.83,3.83
14555,271,21,455.0,303.65,-151.35,7.58,5.06
15204,674,37,1020.0,587.5,-432.5,17.0,9.79
75708,217,28,345.0,318.83,-26.17,5.75,5.31
42655,62,15,140.0,169.82,29.82,2.33,2.83
97048,53,24,90.0,217.93,127.93,1.5,3.63
97030,53,24,90.0,217.93,127.93,1.5,3.63
56619,66,12,95.0,154.25,59.25,1.58,2.57
96646,10,2,16.0,69.56,53.56,0.27,1.16
54603,209,29,345.0,320.86,-24.14,5.75,5.35
56659,48,11,70.0,139.91,69.91,1.17,2.33
31838,102,30,143.0,276.03,133.03,2.38,4.6
31055,67,26,128.0,236.19,108.19,2.13,3.94
43504,86,29,140.0,262.64,122.64,2.33,4.38
74935,117,18,220.0,213.3,-6.7,3.67,3.56
12302,1439,8,1015.0,780.83,-234.17,16.92,13.01
97501,19,12,34.0,132.01,98.01,0.57,2.2
31757,43,13,50.0,149.18,99.18,0.83,2.49
64235,101,17,200.0,199.91,-0.09,3.33,3.33
69124,78,13,135.0,165.75,30.75,2.25,2.76
12023,530,14,520.0,385.51,-134.49,8.67,6.43
98371,38,2,63.0,82.81,19.81,1.05,1.38
74021,163,36,310.0,339.82,29.82,5.17,5.66
75229,150,16,300.0,217.29,-82.71,5.0,3.62
99804,63,17,80.0,181.93,101.93,1.33,3.03
53229,108,19,300.0,214.86,-85.14,5.0,3.58
6002,649,15,750.0,447.65,-302.35,12.5,7.46
57501,26,5,60.0,94.59,34.59,1.0,1.58
54328,86,11,140.0,157.9,17.9,2.33,2.63
77680,39,23,75.0,205.48,130.48,1.25,3.42
47214,37,22,85.0,198.72,113.72,1.42,3.31
97026,44,17,69.0,172.93,103.93,1.15,2.88
58162,261,34,460.0,374.57,-85.43,7.67,6.24
56734,173,14,225.0,216.53,-8.47,3.75,3.61
99414,18,2,28.0,73.34,45.34,0.47,1.22
40150,29,2,55.0,78.55,23.55,0.92,1.31
53176,229,36,347.0,371.06,24.06,5.78,6.18
40639,59,2,100.0,92.75,-7.25,1.67,1.55
42417,82,21,135.0,214.2,79.2,2.25,3.57
99405,18,2,28.0,73.34,45.34,0.47,1.22
96119,46,9,51.0,127.33,76.33,0.85,2.12
79421,51,13,100.0,152.97,52.97,1.67,2.55
96220,14,3,19.0,77.27,58.27,0.32,1.29
95402,67,10,70.0,143.09,73.09,1.17,2.38
98063,49,2,78.0,88.01,10.01,1.3,1.47
51426,437,35,585.0,463.69,-121.31,9.75,7.73
20652,273,11,295.0,246.41,-48.59,4.92,4.11
15722,773,18,945.0,523.8,-421.2,15.75,8.73
79449,47,7,90.0,116.16,26.16,1.5,1.94
40092,29,2,55.0,78.55,23.55,0.92,1.31
54325,176,30,545.0,311.06,-233.94,9.08,5.18
40320,29,2,55.0,78.55,23.55,0.92,1.31
43952,63,15,145.0,170.29,25.29,2.42,2.84
91491,10,2,20.0,69.56,49.56,0.33,1.16
14219,301,12,375.0,265.48,-109.52,6.25,4.42
64031,36,13,90.0,145.87,55.87,1.5,2.43
17014,640,15,870.0,443.39,-426.61,14.5,7.39
74924,111,16,175.0,198.83,23.83,2.92,3.31
51914,160,28,295.0,291.85,-3.15,4.92,4.86
97350,33,17,59.0,167.73,108.73,0.98,2.8
99907,34,12,52.0,139.11,87.11,0.87,2.32
40902,48,10,60.0,134.09,74.09,1.0,2.23
53374,139,16,260.0,212.08,-47.92,4.33,3.53
74818,14,2,30.0,71.45,41.45,0.5,1.19
37557,8,4,22.0,80.25,58.25,0.37,1.34
58843,104,17,280.0,201.33,-78.67,4.67,3.36
98205,49,2,77.0,88.01,11.01,1.28,1.47
31530,96,29,135.0,267.37,132.37,2.25,4.46
42608,47,17,95.0,174.35,79.35,1.58,2.91
37325,57,21,90.0,202.36,112.36,1.5,3.37
52234,84,16,195.0,186.05,-8.95,3.25,3.1
2025,579,7,500.0,367.97,-132.03,8.33,6.13
40555,59,3,107.0,98.57,-8.43,1.78,1.64
97150,20,8,32.0,109.2,77.2,0.53,1.82
37414,34,12,48.0,139.11,91.11,0.8,2.32
55302,116,13,315.0,183.74,-131.26,5.25,3.06
15632,2461,34,1395.0,1415.85,20.85,23.25,23.6
36087,72,24,107.0,226.92,119.92,1.78,3.78
59077,334,30,545.0,385.84,-159.16,9.08,6.43
58030,62,10,85.0,140.72,55.72,1.42,2.35
71401,43,6,80.0,108.45,28.45,1.33,1.81
55352,81,10,150.0,149.71,-0.29,2.5,2.5
97232,48,22,79.0,203.92,124.92,1.32,3.4
56512,16,6,35.0,95.67,60.67,0.58,1.59
63141,228,30,360.0,335.67,-24.33,6.0,5.59
33630,32,13,58.0,143.98,85.98,0.97,2.4
13410,231,17,345.0,261.44,-83.56,5.75,4.36
58422,196,30,325.0,320.53,-4.47,5.42,5.34
37522,8,4,20.0,80.25,60.25,0.33,1.34
12590,1836,31,480.0,1102.58,622.58,8.0,18.38
54632,229,27,375.0,318.69,-56.31,6.25,5.31
37742,104,25,130.0,247.88,117.88,2.17,4.13
34716,61,21,100.0,204.26,104.26,1.67,3.4
31448,40,15,64.0,159.4,95.4,1.07,2.66
59832,527,63,925.0,669.22,-255.78,15.42,11.15
38414,70,24,115.0,225.97,110.97,1.92,3.77
64471,114,26,195.0,258.44,63.44,3.25,4.31
74850,47,8,70.0,121.98,51.98,1.17,2.03
56384,56,12,95.0,149.52,54.52,1.58,2.49
13017,275,15,355.0,270.63,-84.37,5.92,4.51
64057,77,17,155.0,188.55,33.55,2.58,3.14
16218,1304,24,365.0,810.04,445.04,6.08,13.5
97020,53,24,88.0,217.93,129.93,1.47,3.63
67259,32,6,65.0,103.24,38.24,1.08,1.72
64084,53,11,80.0,142.28,62.28,1.33,2.37
38433,71,23,110.0,220.63,110.63,1.83,3.68
74803,14,2,30.0,71.45,41.45,0.5,1.19
57307,32,18,85.0,173.07,88.07,1.42,2.88
37373,81,23,139.0,225.36,86.36,2.32,3.76
58415,90,21,170.0,217.98,47.98,2.83,3.63
34849,59,22,98.0,209.13,111.13,1.63,3.49
17240,383,26,490.0,385.76,-104.24,8.17,6.43
53334,27,6,70.0,100.88,30.88,1.17,1.68
56388,114,17,175.0,206.07,31.07,2.92,3.43
63562,116,16,160.0,201.19,41.19,2.67,3.35
69125,78,13,130.0,165.75,35.75,2.17,2.76
64493,46,8,65.0,121.51,56.51,1.08,2.03
96016,2,2,7.0,65.77,58.77,0.12,1.1
55741,108,15,165.0,191.59,26.59,2.75,3.19
98506,28,2,48.0,78.07,30.07,0.8,1.3
64273,36,10,95.0,128.41,33.41,1.58,2.14
97031,53,24,90.0,217.93,127.93,1.5,3.63
12321,2165,48,805.0,1357.22,552.22,13.42,22.62
59050,362,62,775.0,585.3,-189.7,12.92,9.75
97396,33,17,57.0,167.73,110.73,0.95,2.8
74607,49,6,95.0,111.29,16.29,1.58,1.85
41050,14,3,45.0,77.27,32.27,0.75,1.29
43247,41,10,80.0,130.78,50.78,1.33,2.18
56501,693,66,1345.0,765.25,-579.75,22.42,12.75
51812,151,20,250.0,241.04,-8.96,4.17,4.02
22475,2478,34,1180.0,1423.9,243.9,19.67,23.73
56222,69,14,105.0,167.31,62.31,1.75,2.79
12901,490,14,510.0,366.57,-143.43,8.5,6.11
40561,59,3,110.0,98.57,-11.43,1.83,1.64
54050,141,25,255.0,265.4,10.4,4.25,4.42
40067,29,18,55.0,171.65,116.65,0.92,2.86
91393,10,2,20.0,69.56,49.56,0.33,1.16
34836,59,24,99.0,220.77,121.77,1.65,3.68
15284,373,19,615.0,340.29,-274.71,10.25,5.67
12111,676,14,730.0,454.61,-275.39,12.17,7.58
12475,2055,31,700.0,1206.23,506.23,11.67,20.1
8628,481,14,570.0,362.31,-207.69,9.5,6.04
98770,10,2,21.0,69.56,48.56,0.35,1.16
34625,24,11,48.0,128.55,80.55,0.8,2.14
97642,15,10,31.0,118.47,87.47,0.52,1.97
76827,49,9,90.0,128.75,38.75,1.5,2.15
12326,1793,18,500.0,1006.58,506.58,8.33,16.78
42751,50,13,115.0,152.5,37.5,1.92,2.54
55223,267,41,582.0,418.14,-163.86,9.7,6.97
51425,427,36,655.0,464.77,-190.23,10.92,7.75
31337,55,13,84.0,154.86,70.86,1.4,2.58
34429,16,8,33.0,107.31,74.31,0.55,1.79
42018,47,16,90.0,168.53,78.53,1.5,2.81
75102,136,22,230.0,245.57,15.57,3.83,4.09
99467,18,2,29.0,73.34,44.34,0.48,1.22
14095,269,14,335.0,261.97,-73.03,5.58,4.37
98337,38,2,63.0,82.81,19.81,1.05,1.38
96013,2,2,5.0,65.77,60.77,0.08,1.1
31813,102,30,142.0,276.03,134.03,2.37,4.6
77266,46,12,80.0,144.79,64.79,1.33,2.41
11423,357,14,485.0,303.62,-181.38,8.08,5.06
12088,332,8,380.0,256.88,-123.12,6.33,4.28
40087,29,18,55.0,171.65,116.65,0.92,2.86
10103,590,20,695.0,448.82,-246.18,11.58,7.48
98818,10,2,21.0,69.56,48.56,0.35,1.16
40094,29,2,55.0,78.55,23.55,0.92,1.31
66310,140,17,215.0,218.37,3.37,3.58,3.64
40158,29,2,55.0,78.55,23.55,0.92,1.31
22163,367,9,400.0,279.26,-120.74,6.67,4.65
40801,95,3,155.0,115.61,-39.39,2.58,1.93
12865,344,9,340.0,268.38,-71.62,5.67,4.47
98044,49,2,78.0,88.01,10.01,1.3,1.47
98856,10,2,22.0,69.56,47.56,0.37,1.16
16524,260,14,340.0,257.71,-82.29,5.67,4.3
41538,14,3,45.0,77.27,32.27,0.75,1.29
97442,24,10,39.0,122.73,83.73,0.65,2.05
95304,6,2,12.0,67.66,55.66,0.2,1.13
12967,2179,32,755.0,1270.74,515.74,12.58,21.18
78053,113,26,166.0,257.96,91.96,2.77,4.3
22134,644,13,710.0,433.65,-276.35,11.83,7.23
55071,150,21,300.0,246.38,-53.62,5.0,4.11
97019,53,24,88.0,217.93,129.93,1.47,3.63
59814,328,41,570.0,447.01,-122.99,9.5,7.45
97504,19,12,37.0,132.01,95.01,0.62,2.2
98020,49,2,78.0,88.01,10.01,1.3,1.47
98300,38,2,64.0,82.81,18.81,1.07,1.38
77224,59,12,105.0,150.94,45.94,1.75,2.52
95105,46,9,51.0,127.33,76.33,0.85,2.12
64514,157,20,215.0,243.88,28.88,3.58,4.06
12885,318,13,315.0,279.35,-35.65,5.25,4.66
67262,149,24,230.0,263.37,33.37,3.83,4.39
33533,77,29,131.0,258.38,127.38,2.18,4.31
22631,2560,32,1235.0,1451.07,216.07,20.58,24.18
12708,2294,20,865.0,1255.34,390.34,14.42,20.92
59154,104,10,210.0,160.6,-49.4,3.5,2.68
56223,165,29,270.0,300.03,30.03,4.5,5.0
58403,43,11,90.0,137.55,47.55,1.5,2.29
56620,66,12,100.0,154.25,54.25,1.67,2.57
58534,266,43,385.0,429.3,44.3,6.42,7.16
40038,29,18,55.0,171.65,116.65,0.92,2.86
99455,18,2,28.0,73.34,45.34,0.47,1.22
95303,6,4,13.0,79.3,66.3,0.22,1.32
31842,102,9,135.0,153.83,18.83,2.25,2.56
36032,40,14,68.0,153.58,85.58,1.13,2.56
33440,25,11,45.0,129.03,84.03,0.75,2.15
41513,14,3,45.0,77.27,32.27,0.75,1.29
74954,87,17,175.0,193.29,18.29,2.92,3.22
56846,180,23,310.0,272.22,-37.78,5.17,4.54
33835,79,24,115.0,230.23,115.23,1.92,3.84
17323,2037,24,1090.0,1156.98,66.98,18.17,19.28
95717,53,8,62.0,124.82,62.82,1.03,2.08
15417,589,26,1065.0,483.26,-581.74,17.75,8.05
41077,14,3,45.0,77.27,32.27,0.75,1.29
11401,1053,34,1420.0,749.43,-670.57,23.67,12.49
13305,198,17,235.0,245.82,10.82,3.92,4.1
37348,57,21,92.0,202.36,110.36,1.53,3.37
74937,117,18,190.0,213.3,23.3,3.17,3.56
22866,1860,18,485.0,1038.29,553.29,8.08,17.3
31754,43,13,50.0,149.18,99.18,0.83,2.49
55133,136,22,220.0,245.57,25.57,3.67,4.09
59707,77,10,115.0,147.82,32.82,1.92,2.46
96317,6,4,13.0,79.3,66.3,0.22,1.32
38308,58,20,90.0,197.02,107.02,1.5,3.28
30353,45,19,88.0,185.05,97.05,1.47,3.08
64554,153,24,285.0,265.26,-19.74,4.75,4.42
71403,77,11,110.0,153.64,43.64,1.83,2.56
47112,25,13,45.0,140.66,95.66,0.75,2.34
31213,25,4,37.0,88.29,51.29,0.62,1.47
12513,2564,31,1350.0,1447.15,97.15,22.5,24.12
63525,104,14,115.0,183.88,68.88,1.92,3.06
51803,221,26,375.0,309.08,-65.92,6.25,5.15
97027,53,24,87.0,217.93,130.93,1.45,3.63
13233,108,15,235.0,191.59,-43.41,3.92,3.19
56663,118,22,230.0,237.05,7.05,3.83,3.95
98841,10,2,20.0,69.56,49.56,0.33,1.16
